. ~/.venvs/groot/bin/activate && export CUDA_HOME=$HOME/.venvs/groot/lib/python3.10/site-packages/nvidia/cu13 && export CC=$HOME/miniconda3/bin/gcc CXX=$HOME/miniconda3/bin/g++ && export PATH=$CUDA_HOME/bin:$PATH && export LD_LIBRARY_PATH=$HOME/.venvs/groot/lib/python3.10/site-packages/nvidia/cu13/lib:$HOME/.venvs/groot/lib/python3.10/site-packages/nvidia/cuda_runtime/lib:$HOME/.venvs/groot/lib/python3.10/site-packages/nvidia/cublas/lib:$HOME/.venvs/groot/lib/python3.10/site-packages/nvidia/cudnn/lib:$HOME/.venvs/groot/lib/python3.10/site-packages/nvidia/cufft/lib:$HOME/.venvs/groot/lib/python3.10/site-packages/nvidia/cusolver/lib:$HOME/.venvs/groot/lib/python3.10/site-packages/nvidia/cusparse/lib:$HOME/.venvs/groot/lib/python3.10/site-packages/nvidia/nvjitlink/lib:$HOME/.venvs/groot/lib/python3.10/site-packages/nvidia/cuda_nvrtc/lib:$HOME/.venvs/groot/lib/python3.10/site-packages/nvidia/nccl/lib:$HOME/miniconda3/lib:~/.local/lib/gl:${LD_LIBRARY_PATH:-} && cd /home/nas_main/kinamkim/Repos/Intern/residual-offpolicy-rl && echo '=== which ===' && which pip && which python && which nvcc && which gcc 2>/dev/null && echo '=== CC ===' && $CC --version | head -1 && echo '=== nvcc ===' && nvcc --version | tail -3 && echo '=== build ===' && pip uninstall flash-attn -y 2>/dev/null; MAX_JOBS=14 pip install flash-attn --no-build-isolation --no-cache-dir 2>&1
=== which ===
/home/nas_main/kinamkim/.venvs/groot/bin/pip
/home/nas_main/kinamkim/.venvs/groot/bin/python
/home/nas_main/kinamkim/.venvs/groot/lib/python3.10/site-packages/nvidia/cu13/bin/nvcc
Collecting flash-attn
  Downloading flash_attn-2.8.3.tar.gz (8.4 MB)
     ━━━━━━━━━━━━━━━━━━━━━━━━━━━━━━━━━━━━━━━━ 8.4/8.4 MB 453.2 MB/s  0:00:00
  Preparing metadata (pyproject.toml): started
  Preparing metadata (pyproject.toml): finished with status 'done'
Requirement already satisfied: torch in /home/nas_main/kinamkim/.venvs/groot/lib/python3.10/site-packages (from flash-attn) (2.9.0+cu130)
Requirement already satisfied: einops in /home/nas_main/kinamkim/.venvs/groot/lib/python3.10/site-packages (from flash-attn) (0.8.1)
Requirement already satisfied: filelock in /home/nas_main/kinamkim/.venvs/groot/lib/python3.10/site-packages (from torch->flash-attn) (3.25.2)
Requirement already satisfied: typing-extensions>=4.10.0 in /home/nas_main/kinamkim/.venvs/groot/lib/python3.10/site-packages (from torch->flash-attn) (4.15.0)
Requirement already satisfied: sympy>=1.13.3 in /home/nas_main/kinamkim/.venvs/groot/lib/python3.10/site-packages (from torch->flash-attn) (1.14.0)
Requirement already satisfied: networkx>=2.5.1 in /home/nas_main/kinamkim/.venvs/groot/lib/python3.10/site-packages (from torch->flash-attn) (3.4.2)
Requirement already satisfied: jinja2 in /home/nas_main/kinamkim/.venvs/groot/lib/python3.10/site-packages (from torch->flash-attn) (3.1.6)
Requirement already satisfied: fsspec>=0.8.5 in /home/nas_main/kinamkim/.venvs/groot/lib/python3.10/site-packages (from torch->flash-attn) (2025.3.0)
Requirement already satisfied: nvidia-cuda-nvrtc==13.0.48 in /home/nas_main/kinamkim/.venvs/groot/lib/python3.10/site-packages (from torch->flash-attn) (13.0.48)
Requirement already satisfied: nvidia-cuda-runtime==13.0.48 in /home/nas_main/kinamkim/.venvs/groot/lib/python3.10/site-packages (from torch->flash-attn) (13.0.48)
Requirement already satisfied: nvidia-cuda-cupti==13.0.48 in /home/nas_main/kinamkim/.venvs/groot/lib/python3.10/site-packages (from torch->flash-attn) (13.0.48)
Requirement already satisfied: nvidia-cudnn-cu13==9.13.0.50 in /home/nas_main/kinamkim/.venvs/groot/lib/python3.10/site-packages (from torch->flash-attn) (9.13.0.50)
Requirement already satisfied: nvidia-cublas==13.0.0.19 in /home/nas_main/kinamkim/.venvs/groot/lib/python3.10/site-packages (from torch->flash-attn) (13.0.0.19)
Requirement already satisfied: nvidia-cufft==12.0.0.15 in /home/nas_main/kinamkim/.venvs/groot/lib/python3.10/site-packages (from torch->flash-attn) (12.0.0.15)
Requirement already satisfied: nvidia-curand==10.4.0.35 in /home/nas_main/kinamkim/.venvs/groot/lib/python3.10/site-packages (from torch->flash-attn) (10.4.0.35)
Requirement already satisfied: nvidia-cusolver==12.0.3.29 in /home/nas_main/kinamkim/.venvs/groot/lib/python3.10/site-packages (from torch->flash-attn) (12.0.3.29)
Requirement already satisfied: nvidia-cusparse==12.6.2.49 in /home/nas_main/kinamkim/.venvs/groot/lib/python3.10/site-packages (from torch->flash-attn) (12.6.2.49)
Requirement already satisfied: nvidia-cusparselt-cu13==0.8.0 in /home/nas_main/kinamkim/.venvs/groot/lib/python3.10/site-packages (from torch->flash-attn) (0.8.0)
Requirement already satisfied: nvidia-nccl-cu13==2.27.7 in /home/nas_main/kinamkim/.venvs/groot/lib/python3.10/site-packages (from torch->flash-attn) (2.27.7)
Requirement already satisfied: nvidia-nvshmem-cu13==3.3.24 in /home/nas_main/kinamkim/.venvs/groot/lib/python3.10/site-packages (from torch->flash-attn) (3.3.24)
Requirement already satisfied: nvidia-nvtx==13.0.39 in /home/nas_main/kinamkim/.venvs/groot/lib/python3.10/site-packages (from torch->flash-attn) (13.0.39)
Requirement already satisfied: nvidia-nvjitlink==13.0.39 in /home/nas_main/kinamkim/.venvs/groot/lib/python3.10/site-packages (from torch->flash-attn) (13.0.39)
Requirement already satisfied: nvidia-cufile==1.15.0.42 in /home/nas_main/kinamkim/.venvs/groot/lib/python3.10/site-packages (from torch->flash-attn) (1.15.0.42)
Requirement already satisfied: triton==3.5.0 in /home/nas_main/kinamkim/.venvs/groot/lib/python3.10/site-packages (from torch->flash-attn) (3.5.0)
Requirement already satisfied: mpmath<1.4,>=1.1.0 in /home/nas_main/kinamkim/.venvs/groot/lib/python3.10/site-packages (from sympy>=1.13.3->torch->flash-attn) (1.3.0)
Requirement already satisfied: MarkupSafe>=2.0 in /home/nas_main/kinamkim/.venvs/groot/lib/python3.10/site-packages (from jinja2->torch->flash-attn) (3.0.3)
Building wheels for collected packages: flash-attn
  Building wheel for flash-attn (pyproject.toml): started
  Building wheel for flash-attn (pyproject.toml): finished with status 'error'
  error: subprocess-exited-with-error
  
  × Building wheel for flash-attn (pyproject.toml) did not run successfully.
  │ exit code: 1
  ╰─> [1184 lines of output]
      /home/nas_main/kinamkim/.venvs/groot/lib/python3.10/site-packages/wheel/bdist_wheel.py:4: FutureWarning: The 'wheel' package is no longer the canonical location of the 'bdist_wheel' command, and will be removed in a future release. Please update to setuptools v70.1 or later which contains an integrated version of this command.
        warn(
      /home/nas_main/kinamkim/.venvs/groot/lib/python3.10/site-packages/setuptools/dist.py:765: SetuptoolsDeprecationWarning: License classifiers are deprecated.
      !!
      
              ********************************************************************************
              Please consider removing the following classifiers in favor of a SPDX license expression:
      
              License :: OSI Approved :: BSD License
      
              See https://packaging.python.org/en/latest/guides/writing-pyproject-toml/#license for details.
              ********************************************************************************
      
      !!
        self._finalize_license_expression()
      
      
      torch.__version__  = 2.9.0+cu130
      
      
      running bdist_wheel
      Guessing wheel URL:  https://github.com/Dao-AILab/flash-attention/releases/download/v2.8.3/flash_attn-2.8.3+cu12torch2.9cxx11abiTRUE-cp310-cp310-linux_x86_64.whl
      Precompiled wheel not found. Building from source...
      running build
      running build_py
      creating build/lib.linux-x86_64-cpython-310/flash_attn
      copying flash_attn/__init__.py -> build/lib.linux-x86_64-cpython-310/flash_attn
      copying flash_attn/bert_padding.py -> build/lib.linux-x86_64-cpython-310/flash_attn
      copying flash_attn/flash_attn_interface.py -> build/lib.linux-x86_64-cpython-310/flash_attn
      copying flash_attn/flash_attn_triton.py -> build/lib.linux-x86_64-cpython-310/flash_attn
      copying flash_attn/flash_attn_triton_og.py -> build/lib.linux-x86_64-cpython-310/flash_attn
      copying flash_attn/flash_blocksparse_attention.py -> build/lib.linux-x86_64-cpython-310/flash_attn
      copying flash_attn/flash_blocksparse_attn_interface.py -> build/lib.linux-x86_64-cpython-310/flash_attn
      creating build/lib.linux-x86_64-cpython-310/hopper
      copying hopper/__init__.py -> build/lib.linux-x86_64-cpython-310/hopper
      copying hopper/benchmark_attn.py -> build/lib.linux-x86_64-cpython-310/hopper
      copying hopper/benchmark_flash_attention_fp8.py -> build/lib.linux-x86_64-cpython-310/hopper
      copying hopper/benchmark_mla_decode.py -> build/lib.linux-x86_64-cpython-310/hopper
      copying hopper/benchmark_split_kv.py -> build/lib.linux-x86_64-cpython-310/hopper
      copying hopper/flash_attn_interface.py -> build/lib.linux-x86_64-cpython-310/hopper
      copying hopper/generate_kernels.py -> build/lib.linux-x86_64-cpython-310/hopper
      copying hopper/padding.py -> build/lib.linux-x86_64-cpython-310/hopper
      copying hopper/setup.py -> build/lib.linux-x86_64-cpython-310/hopper
      copying hopper/test_attn_kvcache.py -> build/lib.linux-x86_64-cpython-310/hopper
      copying hopper/test_flash_attn.py -> build/lib.linux-x86_64-cpython-310/hopper
      copying hopper/test_kvcache.py -> build/lib.linux-x86_64-cpython-310/hopper
      copying hopper/test_util.py -> build/lib.linux-x86_64-cpython-310/hopper
      creating build/lib.linux-x86_64-cpython-310/flash_attn/cute
      copying flash_attn/cute/__init__.py -> build/lib.linux-x86_64-cpython-310/flash_attn/cute
      copying flash_attn/cute/ampere_helpers.py -> build/lib.linux-x86_64-cpython-310/flash_attn/cute
      copying flash_attn/cute/blackwell_helpers.py -> build/lib.linux-x86_64-cpython-310/flash_attn/cute
      copying flash_attn/cute/block_info.py -> build/lib.linux-x86_64-cpython-310/flash_attn/cute
      copying flash_attn/cute/fast_math.py -> build/lib.linux-x86_64-cpython-310/flash_attn/cute
      copying flash_attn/cute/flash_bwd.py -> build/lib.linux-x86_64-cpython-310/flash_attn/cute
      copying flash_attn/cute/flash_bwd_postprocess.py -> build/lib.linux-x86_64-cpython-310/flash_attn/cute
      copying flash_attn/cute/flash_bwd_preprocess.py -> build/lib.linux-x86_64-cpython-310/flash_attn/cute
      copying flash_attn/cute/flash_fwd.py -> build/lib.linux-x86_64-cpython-310/flash_attn/cute
      copying flash_attn/cute/flash_fwd_sm100.py -> build/lib.linux-x86_64-cpython-310/flash_attn/cute
      copying flash_attn/cute/hopper_helpers.py -> build/lib.linux-x86_64-cpython-310/flash_attn/cute
      copying flash_attn/cute/interface.py -> build/lib.linux-x86_64-cpython-310/flash_attn/cute
      copying flash_attn/cute/mask.py -> build/lib.linux-x86_64-cpython-310/flash_attn/cute
      copying flash_attn/cute/mma_sm100_desc.py -> build/lib.linux-x86_64-cpython-310/flash_attn/cute
      copying flash_attn/cute/named_barrier.py -> build/lib.linux-x86_64-cpython-310/flash_attn/cute
      copying flash_attn/cute/pack_gqa.py -> build/lib.linux-x86_64-cpython-310/flash_attn/cute
      copying flash_attn/cute/pipeline.py -> build/lib.linux-x86_64-cpython-310/flash_attn/cute
      copying flash_attn/cute/seqlen_info.py -> build/lib.linux-x86_64-cpython-310/flash_attn/cute
      copying flash_attn/cute/softmax.py -> build/lib.linux-x86_64-cpython-310/flash_attn/cute
      copying flash_attn/cute/tile_scheduler.py -> build/lib.linux-x86_64-cpython-310/flash_attn/cute
      copying flash_attn/cute/utils.py -> build/lib.linux-x86_64-cpython-310/flash_attn/cute
      creating build/lib.linux-x86_64-cpython-310/flash_attn/flash_attn_triton_amd
      copying flash_attn/flash_attn_triton_amd/__init__.py -> build/lib.linux-x86_64-cpython-310/flash_attn/flash_attn_triton_amd
      copying flash_attn/flash_attn_triton_amd/bench.py -> build/lib.linux-x86_64-cpython-310/flash_attn/flash_attn_triton_amd
      copying flash_attn/flash_attn_triton_amd/bwd_prefill.py -> build/lib.linux-x86_64-cpython-310/flash_attn/flash_attn_triton_amd
      copying flash_attn/flash_attn_triton_amd/bwd_prefill_fused.py -> build/lib.linux-x86_64-cpython-310/flash_attn/flash_attn_triton_amd
      copying flash_attn/flash_attn_triton_amd/bwd_prefill_onekernel.py -> build/lib.linux-x86_64-cpython-310/flash_attn/flash_attn_triton_amd
      copying flash_attn/flash_attn_triton_amd/bwd_prefill_split.py -> build/lib.linux-x86_64-cpython-310/flash_attn/flash_attn_triton_amd
      copying flash_attn/flash_attn_triton_amd/bwd_ref.py -> build/lib.linux-x86_64-cpython-310/flash_attn/flash_attn_triton_amd
      copying flash_attn/flash_attn_triton_amd/fp8.py -> build/lib.linux-x86_64-cpython-310/flash_attn/flash_attn_triton_amd
      copying flash_attn/flash_attn_triton_amd/fwd_decode.py -> build/lib.linux-x86_64-cpython-310/flash_attn/flash_attn_triton_amd
      copying flash_attn/flash_attn_triton_amd/fwd_prefill.py -> build/lib.linux-x86_64-cpython-310/flash_attn/flash_attn_triton_amd
      copying flash_attn/flash_attn_triton_amd/fwd_ref.py -> build/lib.linux-x86_64-cpython-310/flash_attn/flash_attn_triton_amd
      copying flash_attn/flash_attn_triton_amd/interface_fa.py -> build/lib.linux-x86_64-cpython-310/flash_attn/flash_attn_triton_amd
      copying flash_attn/flash_attn_triton_amd/test.py -> build/lib.linux-x86_64-cpython-310/flash_attn/flash_attn_triton_amd
      copying flash_attn/flash_attn_triton_amd/train.py -> build/lib.linux-x86_64-cpython-310/flash_attn/flash_attn_triton_amd
      copying flash_attn/flash_attn_triton_amd/utils.py -> build/lib.linux-x86_64-cpython-310/flash_attn/flash_attn_triton_amd
      creating build/lib.linux-x86_64-cpython-310/flash_attn/layers
      copying flash_attn/layers/__init__.py -> build/lib.linux-x86_64-cpython-310/flash_attn/layers
      copying flash_attn/layers/patch_embed.py -> build/lib.linux-x86_64-cpython-310/flash_attn/layers
      copying flash_attn/layers/rotary.py -> build/lib.linux-x86_64-cpython-310/flash_attn/layers
      creating build/lib.linux-x86_64-cpython-310/flash_attn/losses
      copying flash_attn/losses/__init__.py -> build/lib.linux-x86_64-cpython-310/flash_attn/losses
      copying flash_attn/losses/cross_entropy.py -> build/lib.linux-x86_64-cpython-310/flash_attn/losses
      creating build/lib.linux-x86_64-cpython-310/flash_attn/models
      copying flash_attn/models/__init__.py -> build/lib.linux-x86_64-cpython-310/flash_attn/models
      copying flash_attn/models/baichuan.py -> build/lib.linux-x86_64-cpython-310/flash_attn/models
      copying flash_attn/models/bert.py -> build/lib.linux-x86_64-cpython-310/flash_attn/models
      copying flash_attn/models/bigcode.py -> build/lib.linux-x86_64-cpython-310/flash_attn/models
      copying flash_attn/models/btlm.py -> build/lib.linux-x86_64-cpython-310/flash_attn/models
      copying flash_attn/models/falcon.py -> build/lib.linux-x86_64-cpython-310/flash_attn/models
      copying flash_attn/models/gpt.py -> build/lib.linux-x86_64-cpython-310/flash_attn/models
      copying flash_attn/models/gpt_neox.py -> build/lib.linux-x86_64-cpython-310/flash_attn/models
      copying flash_attn/models/gptj.py -> build/lib.linux-x86_64-cpython-310/flash_attn/models
      copying flash_attn/models/llama.py -> build/lib.linux-x86_64-cpython-310/flash_attn/models
      copying flash_attn/models/opt.py -> build/lib.linux-x86_64-cpython-310/flash_attn/models
      copying flash_attn/models/vit.py -> build/lib.linux-x86_64-cpython-310/flash_attn/models
      creating build/lib.linux-x86_64-cpython-310/flash_attn/modules
      copying flash_attn/modules/__init__.py -> build/lib.linux-x86_64-cpython-310/flash_attn/modules
      copying flash_attn/modules/block.py -> build/lib.linux-x86_64-cpython-310/flash_attn/modules
      copying flash_attn/modules/embedding.py -> build/lib.linux-x86_64-cpython-310/flash_attn/modules
      copying flash_attn/modules/mha.py -> build/lib.linux-x86_64-cpython-310/flash_attn/modules
      copying flash_attn/modules/mlp.py -> build/lib.linux-x86_64-cpython-310/flash_attn/modules
      creating build/lib.linux-x86_64-cpython-310/flash_attn/ops
      copying flash_attn/ops/__init__.py -> build/lib.linux-x86_64-cpython-310/flash_attn/ops
      copying flash_attn/ops/activations.py -> build/lib.linux-x86_64-cpython-310/flash_attn/ops
      copying flash_attn/ops/fused_dense.py -> build/lib.linux-x86_64-cpython-310/flash_attn/ops
      copying flash_attn/ops/layer_norm.py -> build/lib.linux-x86_64-cpython-310/flash_attn/ops
      copying flash_attn/ops/rms_norm.py -> build/lib.linux-x86_64-cpython-310/flash_attn/ops
      creating build/lib.linux-x86_64-cpython-310/flash_attn/utils
      copying flash_attn/utils/__init__.py -> build/lib.linux-x86_64-cpython-310/flash_attn/utils
      copying flash_attn/utils/benchmark.py -> build/lib.linux-x86_64-cpython-310/flash_attn/utils
      copying flash_attn/utils/distributed.py -> build/lib.linux-x86_64-cpython-310/flash_attn/utils
      copying flash_attn/utils/generation.py -> build/lib.linux-x86_64-cpython-310/flash_attn/utils
      copying flash_attn/utils/library.py -> build/lib.linux-x86_64-cpython-310/flash_attn/utils
      copying flash_attn/utils/pretrained.py -> build/lib.linux-x86_64-cpython-310/flash_attn/utils
      copying flash_attn/utils/testing.py -> build/lib.linux-x86_64-cpython-310/flash_attn/utils
      copying flash_attn/utils/torch.py -> build/lib.linux-x86_64-cpython-310/flash_attn/utils
      creating build/lib.linux-x86_64-cpython-310/flash_attn/ops/triton
      copying flash_attn/ops/triton/__init__.py -> build/lib.linux-x86_64-cpython-310/flash_attn/ops/triton
      copying flash_attn/ops/triton/cross_entropy.py -> build/lib.linux-x86_64-cpython-310/flash_attn/ops/triton
      copying flash_attn/ops/triton/k_activations.py -> build/lib.linux-x86_64-cpython-310/flash_attn/ops/triton
      copying flash_attn/ops/triton/layer_norm.py -> build/lib.linux-x86_64-cpython-310/flash_attn/ops/triton
      copying flash_attn/ops/triton/linear.py -> build/lib.linux-x86_64-cpython-310/flash_attn/ops/triton
      copying flash_attn/ops/triton/mlp.py -> build/lib.linux-x86_64-cpython-310/flash_attn/ops/triton
      copying flash_attn/ops/triton/rotary.py -> build/lib.linux-x86_64-cpython-310/flash_attn/ops/triton
      running build_ext
      W0430 06:59:36.485000 3146882 torch/utils/cpp_extension.py:521] The detected CUDA version (13.2) has a minor version mismatch with the version that was used to compile PyTorch (13.0). Most likely this shouldn't be a problem.
      W0430 06:59:36.486000 3146882 torch/utils/cpp_extension.py:531] There are no /home/nas_main/kinamkim/miniconda3/bin/g++ version bounds defined for CUDA version 13.2
      building 'flash_attn_2_cuda' extension
      creating /tmp/pip-install-jmof9w0m/flash-attn_192fda6cf68d4b03962573f02a91f403/build/temp.linux-x86_64-cpython-310/csrc/flash_attn
      creating /tmp/pip-install-jmof9w0m/flash-attn_192fda6cf68d4b03962573f02a91f403/build/temp.linux-x86_64-cpython-310/csrc/flash_attn/src
      [1/73] /home/nas_main/kinamkim/.venvs/groot/lib/python3.10/site-packages/nvidia/cu13/bin/nvcc --generate-dependencies-with-compile --dependency-output /tmp/pip-install-jmof9w0m/flash-attn_192fda6cf68d4b03962573f02a91f403/build/temp.linux-x86_64-cpython-310/csrc/flash_attn/src/flash_bwd_hdim128_fp16_causal_sm80.o.d -I/tmp/pip-install-jmof9w0m/flash-attn_192fda6cf68d4b03962573f02a91f403/csrc/flash_attn -I/tmp/pip-install-jmof9w0m/flash-attn_192fda6cf68d4b03962573f02a91f403/csrc/flash_attn/src -I/tmp/pip-install-jmof9w0m/flash-attn_192fda6cf68d4b03962573f02a91f403/csrc/cutlass/include -I/home/nas_main/kinamkim/.venvs/groot/lib/python3.10/site-packages/torch/include -I/home/nas_main/kinamkim/.venvs/groot/lib/python3.10/site-packages/torch/include/torch/csrc/api/include -I/home/nas_main/kinamkim/.venvs/groot/lib/python3.10/site-packages/nvidia/cu13/include -I/home/nas_main/kinamkim/.venvs/groot/include -I/home/nas_main/kinamkim/.local/share/uv/python/cpython-3.10.18-linux-x86_64-gnu/include/python3.10 -c -c /tmp/pip-install-jmof9w0m/flash-attn_192fda6cf68d4b03962573f02a91f403/csrc/flash_attn/src/flash_bwd_hdim128_fp16_causal_sm80.cu -o /tmp/pip-install-jmof9w0m/flash-attn_192fda6cf68d4b03962573f02a91f403/build/temp.linux-x86_64-cpython-310/csrc/flash_attn/src/flash_bwd_hdim128_fp16_causal_sm80.o -D__CUDA_NO_HALF_OPERATORS__ -D__CUDA_NO_HALF_CONVERSIONS__ -D__CUDA_NO_BFLOAT16_CONVERSIONS__ -D__CUDA_NO_HALF2_OPERATORS__ --expt-relaxed-constexpr --compiler-options ''"'"'-fPIC'"'"'' -O3 -std=c++17 -U__CUDA_NO_HALF_OPERATORS__ -U__CUDA_NO_HALF_CONVERSIONS__ -U__CUDA_NO_HALF2_OPERATORS__ -U__CUDA_NO_BFLOAT16_CONVERSIONS__ --expt-relaxed-constexpr --expt-extended-lambda --use_fast_math -gencode arch=compute_80,code=sm_80 -gencode arch=compute_90,code=sm_90 -gencode arch=compute_100,code=sm_100 -gencode arch=compute_120,code=sm_120 --threads 4 -DTORCH_API_INCLUDE_EXTENSION_H -DTORCH_EXTENSION_NAME=flash_attn_2_cuda -ccbin /home/nas_main/kinamkim/miniconda3/bin/gcc
      FAILED: [code=1] /tmp/pip-install-jmof9w0m/flash-attn_192fda6cf68d4b03962573f02a91f403/build/temp.linux-x86_64-cpython-310/csrc/flash_attn/src/flash_bwd_hdim128_fp16_causal_sm80.o
      /home/nas_main/kinamkim/.venvs/groot/lib/python3.10/site-packages/nvidia/cu13/bin/nvcc --generate-dependencies-with-compile --dependency-output /tmp/pip-install-jmof9w0m/flash-attn_192fda6cf68d4b03962573f02a91f403/build/temp.linux-x86_64-cpython-310/csrc/flash_attn/src/flash_bwd_hdim128_fp16_causal_sm80.o.d -I/tmp/pip-install-jmof9w0m/flash-attn_192fda6cf68d4b03962573f02a91f403/csrc/flash_attn -I/tmp/pip-install-jmof9w0m/flash-attn_192fda6cf68d4b03962573f02a91f403/csrc/flash_attn/src -I/tmp/pip-install-jmof9w0m/flash-attn_192fda6cf68d4b03962573f02a91f403/csrc/cutlass/include -I/home/nas_main/kinamkim/.venvs/groot/lib/python3.10/site-packages/torch/include -I/home/nas_main/kinamkim/.venvs/groot/lib/python3.10/site-packages/torch/include/torch/csrc/api/include -I/home/nas_main/kinamkim/.venvs/groot/lib/python3.10/site-packages/nvidia/cu13/include -I/home/nas_main/kinamkim/.venvs/groot/include -I/home/nas_main/kinamkim/.local/share/uv/python/cpython-3.10.18-linux-x86_64-gnu/include/python3.10 -c -c /tmp/pip-install-jmof9w0m/flash-attn_192fda6cf68d4b03962573f02a91f403/csrc/flash_attn/src/flash_bwd_hdim128_fp16_causal_sm80.cu -o /tmp/pip-install-jmof9w0m/flash-attn_192fda6cf68d4b03962573f02a91f403/build/temp.linux-x86_64-cpython-310/csrc/flash_attn/src/flash_bwd_hdim128_fp16_causal_sm80.o -D__CUDA_NO_HALF_OPERATORS__ -D__CUDA_NO_HALF_CONVERSIONS__ -D__CUDA_NO_BFLOAT16_CONVERSIONS__ -D__CUDA_NO_HALF2_OPERATORS__ --expt-relaxed-constexpr --compiler-options ''"'"'-fPIC'"'"'' -O3 -std=c++17 -U__CUDA_NO_HALF_OPERATORS__ -U__CUDA_NO_HALF_CONVERSIONS__ -U__CUDA_NO_HALF2_OPERATORS__ -U__CUDA_NO_BFLOAT16_CONVERSIONS__ --expt-relaxed-constexpr --expt-extended-lambda --use_fast_math -gencode arch=compute_80,code=sm_80 -gencode arch=compute_90,code=sm_90 -gencode arch=compute_100,code=sm_100 -gencode arch=compute_120,code=sm_120 --threads 4 -DTORCH_API_INCLUDE_EXTENSION_H -DTORCH_EXTENSION_NAME=flash_attn_2_cuda -ccbin /home/nas_main/kinamkim/miniconda3/bin/gcc
      In file included from /home/nas_main/kinamkim/.venvs/groot/lib/python3.10/site-packages/nvidia/cu13/include/cuda_bf16.h:133,
                       from /home/nas_main/kinamkim/.venvs/groot/lib/python3.10/site-packages/torch/include/torch/headeronly/util/BFloat16.h:16,
                       from /home/nas_main/kinamkim/.venvs/groot/lib/python3.10/site-packages/torch/include/c10/util/BFloat16.h:1,
                       from /home/nas_main/kinamkim/.venvs/groot/lib/python3.10/site-packages/torch/include/c10/core/ScalarType.h:3,
                       from /home/nas_main/kinamkim/.venvs/groot/lib/python3.10/site-packages/torch/include/c10/core/TensorImpl.h:11,
                       from /home/nas_main/kinamkim/.venvs/groot/lib/python3.10/site-packages/torch/include/c10/core/GeneratorImpl.h:8,
                       from /home/nas_main/kinamkim/.venvs/groot/lib/python3.10/site-packages/torch/include/ATen/core/Generator.h:18,
                       from /home/nas_main/kinamkim/.venvs/groot/lib/python3.10/site-packages/torch/include/ATen/CPUGeneratorImpl.h:3,
                       from /home/nas_main/kinamkim/.venvs/groot/lib/python3.10/site-packages/torch/include/ATen/Context.h:4,
                       from /home/nas_main/kinamkim/.venvs/groot/lib/python3.10/site-packages/torch/include/ATen/cuda/CUDAGeneratorImpl.h:3,
                       from /tmp/pip-install-jmof9w0m/flash-attn_192fda6cf68d4b03962573f02a91f403/csrc/flash_attn/src/flash.h:12,
                       from /tmp/pip-install-jmof9w0m/flash-attn_192fda6cf68d4b03962573f02a91f403/csrc/flash_attn/src/flash_bwd_launch_template.h:12,
                       from /tmp/pip-install-jmof9w0m/flash-attn_192fda6cf68d4b03962573f02a91f403/csrc/flash_attn/src/flash_bwd_hdim128_fp16_causal_sm80.cu:5:
      /home/nas_main/kinamkim/.venvs/groot/lib/python3.10/site-packages/nvidia/cu13/include/cuda_fp16.h:4492:10: fatal error: nv/target: No such file or directory
       4492 | #include <nv/target>
            |          ^~~~~~~~~~~
      compilation terminated.
      In file included from /home/nas_main/kinamkim/.venvs/groot/lib/python3.10/site-packages/nvidia/cu13/include/cuda_bf16.h:133,
                       from /home/nas_main/kinamkim/.venvs/groot/lib/python3.10/site-packages/torch/include/torch/headeronly/util/BFloat16.h:16,
                       from /home/nas_main/kinamkim/.venvs/groot/lib/python3.10/site-packages/torch/include/c10/util/BFloat16.h:1,
                       from /home/nas_main/kinamkim/.venvs/groot/lib/python3.10/site-packages/torch/include/c10/core/ScalarType.h:3,
                       from /home/nas_main/kinamkim/.venvs/groot/lib/python3.10/site-packages/torch/include/c10/core/TensorImpl.h:11,
                       from /home/nas_main/kinamkim/.venvs/groot/lib/python3.10/site-packages/torch/include/c10/core/GeneratorImpl.h:8,
                       from /home/nas_main/kinamkim/.venvs/groot/lib/python3.10/site-packages/torch/include/ATen/core/Generator.h:18,
                       from /home/nas_main/kinamkim/.venvs/groot/lib/python3.10/site-packages/torch/include/ATen/CPUGeneratorImpl.h:3,
                       from /home/nas_main/kinamkim/.venvs/groot/lib/python3.10/site-packages/torch/include/ATen/Context.h:4,
                       from /home/nas_main/kinamkim/.venvs/groot/lib/python3.10/site-packages/torch/include/ATen/cuda/CUDAGeneratorImpl.h:3,
                       from /tmp/pip-install-jmof9w0m/flash-attn_192fda6cf68d4b03962573f02a91f403/csrc/flash_attn/src/flash.h:12,
                       from /tmp/pip-install-jmof9w0m/flash-attn_192fda6cf68d4b03962573f02a91f403/csrc/flash_attn/src/flash_bwd_launch_template.h:12,
                       from /tmp/pip-install-jmof9w0m/flash-attn_192fda6cf68d4b03962573f02a91f403/csrc/flash_attn/src/flash_bwd_hdim128_fp16_causal_sm80.cu:5:
      /home/nas_main/kinamkim/.venvs/groot/lib/python3.10/site-packages/nvidia/cu13/include/cuda_fp16.h:4492:10: fatal error: nv/target: No such file or directory
       4492 | #include <nv/target>
            |          ^~~~~~~~~~~
      compilation terminated.
      In file included from /home/nas_main/kinamkim/.venvs/groot/lib/python3.10/site-packages/nvidia/cu13/include/cuda_bf16.h:133,
                       from /home/nas_main/kinamkim/.venvs/groot/lib/python3.10/site-packages/torch/include/torch/headeronly/util/BFloat16.h:16,
                       from /home/nas_main/kinamkim/.venvs/groot/lib/python3.10/site-packages/torch/include/c10/util/BFloat16.h:1,
                       from /home/nas_main/kinamkim/.venvs/groot/lib/python3.10/site-packages/torch/include/c10/core/ScalarType.h:3,
                       from /home/nas_main/kinamkim/.venvs/groot/lib/python3.10/site-packages/torch/include/c10/core/TensorImpl.h:11,
                       from /home/nas_main/kinamkim/.venvs/groot/lib/python3.10/site-packages/torch/include/c10/core/GeneratorImpl.h:8,
                       from /home/nas_main/kinamkim/.venvs/groot/lib/python3.10/site-packages/torch/include/ATen/core/Generator.h:18,
                       from /home/nas_main/kinamkim/.venvs/groot/lib/python3.10/site-packages/torch/include/ATen/CPUGeneratorImpl.h:3,
                       from /home/nas_main/kinamkim/.venvs/groot/lib/python3.10/site-packages/torch/include/ATen/Context.h:4,
                       from /home/nas_main/kinamkim/.venvs/groot/lib/python3.10/site-packages/torch/include/ATen/cuda/CUDAGeneratorImpl.h:3,
                       from /tmp/pip-install-jmof9w0m/flash-attn_192fda6cf68d4b03962573f02a91f403/csrc/flash_attn/src/flash.h:12,
                       from /tmp/pip-install-jmof9w0m/flash-attn_192fda6cf68d4b03962573f02a91f403/csrc/flash_attn/src/flash_bwd_launch_template.h:12,
                       from /tmp/pip-install-jmof9w0m/flash-attn_192fda6cf68d4b03962573f02a91f403/csrc/flash_attn/src/flash_bwd_hdim128_fp16_causal_sm80.cu:5:
      /home/nas_main/kinamkim/.venvs/groot/lib/python3.10/site-packages/nvidia/cu13/include/cuda_fp16.h:4492:10: fatal error: nv/target: No such file or directory
       4492 | #include <nv/target>
            |          ^~~~~~~~~~~
      compilation terminated.
      In file included from /home/nas_main/kinamkim/.venvs/groot/lib/python3.10/site-packages/nvidia/cu13/include/cuda_bf16.h:133,
                       from /home/nas_main/kinamkim/.venvs/groot/lib/python3.10/site-packages/torch/include/torch/headeronly/util/BFloat16.h:16,
                       from /home/nas_main/kinamkim/.venvs/groot/lib/python3.10/site-packages/torch/include/c10/util/BFloat16.h:1,
                       from /home/nas_main/kinamkim/.venvs/groot/lib/python3.10/site-packages/torch/include/c10/core/ScalarType.h:3,
                       from /home/nas_main/kinamkim/.venvs/groot/lib/python3.10/site-packages/torch/include/c10/core/TensorImpl.h:11,
                       from /home/nas_main/kinamkim/.venvs/groot/lib/python3.10/site-packages/torch/include/c10/core/GeneratorImpl.h:8,
                       from /home/nas_main/kinamkim/.venvs/groot/lib/python3.10/site-packages/torch/include/ATen/core/Generator.h:18,
                       from /home/nas_main/kinamkim/.venvs/groot/lib/python3.10/site-packages/torch/include/ATen/CPUGeneratorImpl.h:3,
                       from /home/nas_main/kinamkim/.venvs/groot/lib/python3.10/site-packages/torch/include/ATen/Context.h:4,
                       from /home/nas_main/kinamkim/.venvs/groot/lib/python3.10/site-packages/torch/include/ATen/cuda/CUDAGeneratorImpl.h:3,
                       from /tmp/pip-install-jmof9w0m/flash-attn_192fda6cf68d4b03962573f02a91f403/csrc/flash_attn/src/flash.h:12,
                       from /tmp/pip-install-jmof9w0m/flash-attn_192fda6cf68d4b03962573f02a91f403/csrc/flash_attn/src/flash_bwd_launch_template.h:12,
                       from /tmp/pip-install-jmof9w0m/flash-attn_192fda6cf68d4b03962573f02a91f403/csrc/flash_attn/src/flash_bwd_hdim128_fp16_causal_sm80.cu:5:
      /home/nas_main/kinamkim/.venvs/groot/lib/python3.10/site-packages/nvidia/cu13/include/cuda_fp16.h:4492:10: fatal error: nv/target: No such file or directory
       4492 | #include <nv/target>
            |          ^~~~~~~~~~~
      compilation terminated.
      fatal   : Could not open input file /tmp/tmpxft_0030049d_00000000-10_flash_bwd_hdim128_fp16_causal_sm80.compute_80.cpp1.ii
      [2/73] /home/nas_main/kinamkim/.venvs/groot/lib/python3.10/site-packages/nvidia/cu13/bin/nvcc --generate-dependencies-with-compile --dependency-output /tmp/pip-install-jmof9w0m/flash-attn_192fda6cf68d4b03962573f02a91f403/build/temp.linux-x86_64-cpython-310/csrc/flash_attn/src/flash_bwd_hdim192_bf16_sm80.o.d -I/tmp/pip-install-jmof9w0m/flash-attn_192fda6cf68d4b03962573f02a91f403/csrc/flash_attn -I/tmp/pip-install-jmof9w0m/flash-attn_192fda6cf68d4b03962573f02a91f403/csrc/flash_attn/src -I/tmp/pip-install-jmof9w0m/flash-attn_192fda6cf68d4b03962573f02a91f403/csrc/cutlass/include -I/home/nas_main/kinamkim/.venvs/groot/lib/python3.10/site-packages/torch/include -I/home/nas_main/kinamkim/.venvs/groot/lib/python3.10/site-packages/torch/include/torch/csrc/api/include -I/home/nas_main/kinamkim/.venvs/groot/lib/python3.10/site-packages/nvidia/cu13/include -I/home/nas_main/kinamkim/.venvs/groot/include -I/home/nas_main/kinamkim/.local/share/uv/python/cpython-3.10.18-linux-x86_64-gnu/include/python3.10 -c -c /tmp/pip-install-jmof9w0m/flash-attn_192fda6cf68d4b03962573f02a91f403/csrc/flash_attn/src/flash_bwd_hdim192_bf16_sm80.cu -o /tmp/pip-install-jmof9w0m/flash-attn_192fda6cf68d4b03962573f02a91f403/build/temp.linux-x86_64-cpython-310/csrc/flash_attn/src/flash_bwd_hdim192_bf16_sm80.o -D__CUDA_NO_HALF_OPERATORS__ -D__CUDA_NO_HALF_CONVERSIONS__ -D__CUDA_NO_BFLOAT16_CONVERSIONS__ -D__CUDA_NO_HALF2_OPERATORS__ --expt-relaxed-constexpr --compiler-options ''"'"'-fPIC'"'"'' -O3 -std=c++17 -U__CUDA_NO_HALF_OPERATORS__ -U__CUDA_NO_HALF_CONVERSIONS__ -U__CUDA_NO_HALF2_OPERATORS__ -U__CUDA_NO_BFLOAT16_CONVERSIONS__ --expt-relaxed-constexpr --expt-extended-lambda --use_fast_math -gencode arch=compute_80,code=sm_80 -gencode arch=compute_90,code=sm_90 -gencode arch=compute_100,code=sm_100 -gencode arch=compute_120,code=sm_120 --threads 4 -DTORCH_API_INCLUDE_EXTENSION_H -DTORCH_EXTENSION_NAME=flash_attn_2_cuda -ccbin /home/nas_main/kinamkim/miniconda3/bin/gcc
      FAILED: [code=1] /tmp/pip-install-jmof9w0m/flash-attn_192fda6cf68d4b03962573f02a91f403/build/temp.linux-x86_64-cpython-310/csrc/flash_attn/src/flash_bwd_hdim192_bf16_sm80.o
      /home/nas_main/kinamkim/.venvs/groot/lib/python3.10/site-packages/nvidia/cu13/bin/nvcc --generate-dependencies-with-compile --dependency-output /tmp/pip-install-jmof9w0m/flash-attn_192fda6cf68d4b03962573f02a91f403/build/temp.linux-x86_64-cpython-310/csrc/flash_attn/src/flash_bwd_hdim192_bf16_sm80.o.d -I/tmp/pip-install-jmof9w0m/flash-attn_192fda6cf68d4b03962573f02a91f403/csrc/flash_attn -I/tmp/pip-install-jmof9w0m/flash-attn_192fda6cf68d4b03962573f02a91f403/csrc/flash_attn/src -I/tmp/pip-install-jmof9w0m/flash-attn_192fda6cf68d4b03962573f02a91f403/csrc/cutlass/include -I/home/nas_main/kinamkim/.venvs/groot/lib/python3.10/site-packages/torch/include -I/home/nas_main/kinamkim/.venvs/groot/lib/python3.10/site-packages/torch/include/torch/csrc/api/include -I/home/nas_main/kinamkim/.venvs/groot/lib/python3.10/site-packages/nvidia/cu13/include -I/home/nas_main/kinamkim/.venvs/groot/include -I/home/nas_main/kinamkim/.local/share/uv/python/cpython-3.10.18-linux-x86_64-gnu/include/python3.10 -c -c /tmp/pip-install-jmof9w0m/flash-attn_192fda6cf68d4b03962573f02a91f403/csrc/flash_attn/src/flash_bwd_hdim192_bf16_sm80.cu -o /tmp/pip-install-jmof9w0m/flash-attn_192fda6cf68d4b03962573f02a91f403/build/temp.linux-x86_64-cpython-310/csrc/flash_attn/src/flash_bwd_hdim192_bf16_sm80.o -D__CUDA_NO_HALF_OPERATORS__ -D__CUDA_NO_HALF_CONVERSIONS__ -D__CUDA_NO_BFLOAT16_CONVERSIONS__ -D__CUDA_NO_HALF2_OPERATORS__ --expt-relaxed-constexpr --compiler-options ''"'"'-fPIC'"'"'' -O3 -std=c++17 -U__CUDA_NO_HALF_OPERATORS__ -U__CUDA_NO_HALF_CONVERSIONS__ -U__CUDA_NO_HALF2_OPERATORS__ -U__CUDA_NO_BFLOAT16_CONVERSIONS__ --expt-relaxed-constexpr --expt-extended-lambda --use_fast_math -gencode arch=compute_80,code=sm_80 -gencode arch=compute_90,code=sm_90 -gencode arch=compute_100,code=sm_100 -gencode arch=compute_120,code=sm_120 --threads 4 -DTORCH_API_INCLUDE_EXTENSION_H -DTORCH_EXTENSION_NAME=flash_attn_2_cuda -ccbin /home/nas_main/kinamkim/miniconda3/bin/gcc
      In file included from /home/nas_main/kinamkim/.venvs/groot/lib/python3.10/site-packages/nvidia/cu13/include/cuda_bf16.h:133,
                       from /home/nas_main/kinamkim/.venvs/groot/lib/python3.10/site-packages/torch/include/torch/headeronly/util/BFloat16.h:16,
                       from /home/nas_main/kinamkim/.venvs/groot/lib/python3.10/site-packages/torch/include/c10/util/BFloat16.h:1,
                       from /home/nas_main/kinamkim/.venvs/groot/lib/python3.10/site-packages/torch/include/c10/core/ScalarType.h:3,
                       from /home/nas_main/kinamkim/.venvs/groot/lib/python3.10/site-packages/torch/include/c10/core/TensorImpl.h:11,
                       from /home/nas_main/kinamkim/.venvs/groot/lib/python3.10/site-packages/torch/include/c10/core/GeneratorImpl.h:8,
                       from /home/nas_main/kinamkim/.venvs/groot/lib/python3.10/site-packages/torch/include/ATen/core/Generator.h:18,
                       from /home/nas_main/kinamkim/.venvs/groot/lib/python3.10/site-packages/torch/include/ATen/CPUGeneratorImpl.h:3,
                       from /home/nas_main/kinamkim/.venvs/groot/lib/python3.10/site-packages/torch/include/ATen/Context.h:4,
                       from /home/nas_main/kinamkim/.venvs/groot/lib/python3.10/site-packages/torch/include/ATen/cuda/CUDAGeneratorImpl.h:3,
                       from /tmp/pip-install-jmof9w0m/flash-attn_192fda6cf68d4b03962573f02a91f403/csrc/flash_attn/src/flash.h:12,
                       from /tmp/pip-install-jmof9w0m/flash-attn_192fda6cf68d4b03962573f02a91f403/csrc/flash_attn/src/flash_bwd_launch_template.h:12,
                       from /tmp/pip-install-jmof9w0m/flash-attn_192fda6cf68d4b03962573f02a91f403/csrc/flash_attn/src/flash_bwd_hdim192_bf16_sm80.cu:5:
      /home/nas_main/kinamkim/.venvs/groot/lib/python3.10/site-packages/nvidia/cu13/include/cuda_fp16.h:4492:10: fatal error: nv/target: No such file or directory
       4492 | #include <nv/target>
            |          ^~~~~~~~~~~
      compilation terminated.
      In file included from /home/nas_main/kinamkim/.venvs/groot/lib/python3.10/site-packages/nvidia/cu13/include/cuda_bf16.h:133,
                       from /home/nas_main/kinamkim/.venvs/groot/lib/python3.10/site-packages/torch/include/torch/headeronly/util/BFloat16.h:16,
                       from /home/nas_main/kinamkim/.venvs/groot/lib/python3.10/site-packages/torch/include/c10/util/BFloat16.h:1,
                       from /home/nas_main/kinamkim/.venvs/groot/lib/python3.10/site-packages/torch/include/c10/core/ScalarType.h:3,
                       from /home/nas_main/kinamkim/.venvs/groot/lib/python3.10/site-packages/torch/include/c10/core/TensorImpl.h:11,
                       from /home/nas_main/kinamkim/.venvs/groot/lib/python3.10/site-packages/torch/include/c10/core/GeneratorImpl.h:8,
                       from /home/nas_main/kinamkim/.venvs/groot/lib/python3.10/site-packages/torch/include/ATen/core/Generator.h:18,
                       from /home/nas_main/kinamkim/.venvs/groot/lib/python3.10/site-packages/torch/include/ATen/CPUGeneratorImpl.h:3,
                       from /home/nas_main/kinamkim/.venvs/groot/lib/python3.10/site-packages/torch/include/ATen/Context.h:4,
                       from /home/nas_main/kinamkim/.venvs/groot/lib/python3.10/site-packages/torch/include/ATen/cuda/CUDAGeneratorImpl.h:3,
                       from /tmp/pip-install-jmof9w0m/flash-attn_192fda6cf68d4b03962573f02a91f403/csrc/flash_attn/src/flash.h:12,
                       from /tmp/pip-install-jmof9w0m/flash-attn_192fda6cf68d4b03962573f02a91f403/csrc/flash_attn/src/flash_bwd_launch_template.h:12,
                       from /tmp/pip-install-jmof9w0m/flash-attn_192fda6cf68d4b03962573f02a91f403/csrc/flash_attn/src/flash_bwd_hdim192_bf16_sm80.cu:5:
      /home/nas_main/kinamkim/.venvs/groot/lib/python3.10/site-packages/nvidia/cu13/include/cuda_fp16.h:4492:10: fatal error: nv/target: No such file or directory
       4492 | #include <nv/target>
            |          ^~~~~~~~~~~
      compilation terminated.
      In file included from /home/nas_main/kinamkim/.venvs/groot/lib/python3.10/site-packages/nvidia/cu13/include/cuda_bf16.h:133,
                       from /home/nas_main/kinamkim/.venvs/groot/lib/python3.10/site-packages/torch/include/torch/headeronly/util/BFloat16.h:16,
                       from /home/nas_main/kinamkim/.venvs/groot/lib/python3.10/site-packages/torch/include/c10/util/BFloat16.h:1,
                       from /home/nas_main/kinamkim/.venvs/groot/lib/python3.10/site-packages/torch/include/c10/core/ScalarType.h:3,
                       from /home/nas_main/kinamkim/.venvs/groot/lib/python3.10/site-packages/torch/include/c10/core/TensorImpl.h:11,
                       from /home/nas_main/kinamkim/.venvs/groot/lib/python3.10/site-packages/torch/include/c10/core/GeneratorImpl.h:8,
                       from /home/nas_main/kinamkim/.venvs/groot/lib/python3.10/site-packages/torch/include/ATen/core/Generator.h:18,
                       from /home/nas_main/kinamkim/.venvs/groot/lib/python3.10/site-packages/torch/include/ATen/CPUGeneratorImpl.h:3,
                       from /home/nas_main/kinamkim/.venvs/groot/lib/python3.10/site-packages/torch/include/ATen/Context.h:4,
                       from /home/nas_main/kinamkim/.venvs/groot/lib/python3.10/site-packages/torch/include/ATen/cuda/CUDAGeneratorImpl.h:3,
                       from /tmp/pip-install-jmof9w0m/flash-attn_192fda6cf68d4b03962573f02a91f403/csrc/flash_attn/src/flash.h:12,
                       from /tmp/pip-install-jmof9w0m/flash-attn_192fda6cf68d4b03962573f02a91f403/csrc/flash_attn/src/flash_bwd_launch_template.h:12,
                       from /tmp/pip-install-jmof9w0m/flash-attn_192fda6cf68d4b03962573f02a91f403/csrc/flash_attn/src/flash_bwd_hdim192_bf16_sm80.cu:5:
      /home/nas_main/kinamkim/.venvs/groot/lib/python3.10/site-packages/nvidia/cu13/include/cuda_fp16.h:4492:10: fatal error: nv/target: No such file or directory
       4492 | #include <nv/target>
            |          ^~~~~~~~~~~
      compilation terminated.
      In file included from /home/nas_main/kinamkim/.venvs/groot/lib/python3.10/site-packages/nvidia/cu13/include/cuda_bf16.h:133,
                       from /home/nas_main/kinamkim/.venvs/groot/lib/python3.10/site-packages/torch/include/torch/headeronly/util/BFloat16.h:16,
                       from /home/nas_main/kinamkim/.venvs/groot/lib/python3.10/site-packages/torch/include/c10/util/BFloat16.h:1,
                       from /home/nas_main/kinamkim/.venvs/groot/lib/python3.10/site-packages/torch/include/c10/core/ScalarType.h:3,
                       from /home/nas_main/kinamkim/.venvs/groot/lib/python3.10/site-packages/torch/include/c10/core/TensorImpl.h:11,
                       from /home/nas_main/kinamkim/.venvs/groot/lib/python3.10/site-packages/torch/include/c10/core/GeneratorImpl.h:8,
                       from /home/nas_main/kinamkim/.venvs/groot/lib/python3.10/site-packages/torch/include/ATen/core/Generator.h:18,
                       from /home/nas_main/kinamkim/.venvs/groot/lib/python3.10/site-packages/torch/include/ATen/CPUGeneratorImpl.h:3,
                       from /home/nas_main/kinamkim/.venvs/groot/lib/python3.10/site-packages/torch/include/ATen/Context.h:4,
                       from /home/nas_main/kinamkim/.venvs/groot/lib/python3.10/site-packages/torch/include/ATen/cuda/CUDAGeneratorImpl.h:3,
                       from /tmp/pip-install-jmof9w0m/flash-attn_192fda6cf68d4b03962573f02a91f403/csrc/flash_attn/src/flash.h:12,
                       from /tmp/pip-install-jmof9w0m/flash-attn_192fda6cf68d4b03962573f02a91f403/csrc/flash_attn/src/flash_bwd_launch_template.h:12,
                       from /tmp/pip-install-jmof9w0m/flash-attn_192fda6cf68d4b03962573f02a91f403/csrc/flash_attn/src/flash_bwd_hdim192_bf16_sm80.cu:5:
      /home/nas_main/kinamkim/.venvs/groot/lib/python3.10/site-packages/nvidia/cu13/include/cuda_fp16.h:4492:10: fatal error: nv/target: No such file or directory
       4492 | #include <nv/target>
            |          ^~~~~~~~~~~
      compilation terminated.
      fatal   : Could not open input file /tmp/tmpxft_003004a1_00000000-10_flash_bwd_hdim192_bf16_sm80.compute_80.cpp1.ii
      [3/73] /home/nas_main/kinamkim/.venvs/groot/lib/python3.10/site-packages/nvidia/cu13/bin/nvcc --generate-dependencies-with-compile --dependency-output /tmp/pip-install-jmof9w0m/flash-attn_192fda6cf68d4b03962573f02a91f403/build/temp.linux-x86_64-cpython-310/csrc/flash_attn/src/flash_bwd_hdim32_bf16_causal_sm80.o.d -I/tmp/pip-install-jmof9w0m/flash-attn_192fda6cf68d4b03962573f02a91f403/csrc/flash_attn -I/tmp/pip-install-jmof9w0m/flash-attn_192fda6cf68d4b03962573f02a91f403/csrc/flash_attn/src -I/tmp/pip-install-jmof9w0m/flash-attn_192fda6cf68d4b03962573f02a91f403/csrc/cutlass/include -I/home/nas_main/kinamkim/.venvs/groot/lib/python3.10/site-packages/torch/include -I/home/nas_main/kinamkim/.venvs/groot/lib/python3.10/site-packages/torch/include/torch/csrc/api/include -I/home/nas_main/kinamkim/.venvs/groot/lib/python3.10/site-packages/nvidia/cu13/include -I/home/nas_main/kinamkim/.venvs/groot/include -I/home/nas_main/kinamkim/.local/share/uv/python/cpython-3.10.18-linux-x86_64-gnu/include/python3.10 -c -c /tmp/pip-install-jmof9w0m/flash-attn_192fda6cf68d4b03962573f02a91f403/csrc/flash_attn/src/flash_bwd_hdim32_bf16_causal_sm80.cu -o /tmp/pip-install-jmof9w0m/flash-attn_192fda6cf68d4b03962573f02a91f403/build/temp.linux-x86_64-cpython-310/csrc/flash_attn/src/flash_bwd_hdim32_bf16_causal_sm80.o -D__CUDA_NO_HALF_OPERATORS__ -D__CUDA_NO_HALF_CONVERSIONS__ -D__CUDA_NO_BFLOAT16_CONVERSIONS__ -D__CUDA_NO_HALF2_OPERATORS__ --expt-relaxed-constexpr --compiler-options ''"'"'-fPIC'"'"'' -O3 -std=c++17 -U__CUDA_NO_HALF_OPERATORS__ -U__CUDA_NO_HALF_CONVERSIONS__ -U__CUDA_NO_HALF2_OPERATORS__ -U__CUDA_NO_BFLOAT16_CONVERSIONS__ --expt-relaxed-constexpr --expt-extended-lambda --use_fast_math -gencode arch=compute_80,code=sm_80 -gencode arch=compute_90,code=sm_90 -gencode arch=compute_100,code=sm_100 -gencode arch=compute_120,code=sm_120 --threads 4 -DTORCH_API_INCLUDE_EXTENSION_H -DTORCH_EXTENSION_NAME=flash_attn_2_cuda -ccbin /home/nas_main/kinamkim/miniconda3/bin/gcc
      FAILED: [code=1] /tmp/pip-install-jmof9w0m/flash-attn_192fda6cf68d4b03962573f02a91f403/build/temp.linux-x86_64-cpython-310/csrc/flash_attn/src/flash_bwd_hdim32_bf16_causal_sm80.o
      /home/nas_main/kinamkim/.venvs/groot/lib/python3.10/site-packages/nvidia/cu13/bin/nvcc --generate-dependencies-with-compile --dependency-output /tmp/pip-install-jmof9w0m/flash-attn_192fda6cf68d4b03962573f02a91f403/build/temp.linux-x86_64-cpython-310/csrc/flash_attn/src/flash_bwd_hdim32_bf16_causal_sm80.o.d -I/tmp/pip-install-jmof9w0m/flash-attn_192fda6cf68d4b03962573f02a91f403/csrc/flash_attn -I/tmp/pip-install-jmof9w0m/flash-attn_192fda6cf68d4b03962573f02a91f403/csrc/flash_attn/src -I/tmp/pip-install-jmof9w0m/flash-attn_192fda6cf68d4b03962573f02a91f403/csrc/cutlass/include -I/home/nas_main/kinamkim/.venvs/groot/lib/python3.10/site-packages/torch/include -I/home/nas_main/kinamkim/.venvs/groot/lib/python3.10/site-packages/torch/include/torch/csrc/api/include -I/home/nas_main/kinamkim/.venvs/groot/lib/python3.10/site-packages/nvidia/cu13/include -I/home/nas_main/kinamkim/.venvs/groot/include -I/home/nas_main/kinamkim/.local/share/uv/python/cpython-3.10.18-linux-x86_64-gnu/include/python3.10 -c -c /tmp/pip-install-jmof9w0m/flash-attn_192fda6cf68d4b03962573f02a91f403/csrc/flash_attn/src/flash_bwd_hdim32_bf16_causal_sm80.cu -o /tmp/pip-install-jmof9w0m/flash-attn_192fda6cf68d4b03962573f02a91f403/build/temp.linux-x86_64-cpython-310/csrc/flash_attn/src/flash_bwd_hdim32_bf16_causal_sm80.o -D__CUDA_NO_HALF_OPERATORS__ -D__CUDA_NO_HALF_CONVERSIONS__ -D__CUDA_NO_BFLOAT16_CONVERSIONS__ -D__CUDA_NO_HALF2_OPERATORS__ --expt-relaxed-constexpr --compiler-options ''"'"'-fPIC'"'"'' -O3 -std=c++17 -U__CUDA_NO_HALF_OPERATORS__ -U__CUDA_NO_HALF_CONVERSIONS__ -U__CUDA_NO_HALF2_OPERATORS__ -U__CUDA_NO_BFLOAT16_CONVERSIONS__ --expt-relaxed-constexpr --expt-extended-lambda --use_fast_math -gencode arch=compute_80,code=sm_80 -gencode arch=compute_90,code=sm_90 -gencode arch=compute_100,code=sm_100 -gencode arch=compute_120,code=sm_120 --threads 4 -DTORCH_API_INCLUDE_EXTENSION_H -DTORCH_EXTENSION_NAME=flash_attn_2_cuda -ccbin /home/nas_main/kinamkim/miniconda3/bin/gcc
      In file included from /home/nas_main/kinamkim/.venvs/groot/lib/python3.10/site-packages/nvidia/cu13/include/cuda_bf16.h:133,
                       from /home/nas_main/kinamkim/.venvs/groot/lib/python3.10/site-packages/torch/include/torch/headeronly/util/BFloat16.h:16,
                       from /home/nas_main/kinamkim/.venvs/groot/lib/python3.10/site-packages/torch/include/c10/util/BFloat16.h:1,
                       from /home/nas_main/kinamkim/.venvs/groot/lib/python3.10/site-packages/torch/include/c10/core/ScalarType.h:3,
                       from /home/nas_main/kinamkim/.venvs/groot/lib/python3.10/site-packages/torch/include/c10/core/TensorImpl.h:11,
                       from /home/nas_main/kinamkim/.venvs/groot/lib/python3.10/site-packages/torch/include/c10/core/GeneratorImpl.h:8,
                       from /home/nas_main/kinamkim/.venvs/groot/lib/python3.10/site-packages/torch/include/ATen/core/Generator.h:18,
                       from /home/nas_main/kinamkim/.venvs/groot/lib/python3.10/site-packages/torch/include/ATen/CPUGeneratorImpl.h:3,
                       from /home/nas_main/kinamkim/.venvs/groot/lib/python3.10/site-packages/torch/include/ATen/Context.h:4,
                       from /home/nas_main/kinamkim/.venvs/groot/lib/python3.10/site-packages/torch/include/ATen/cuda/CUDAGeneratorImpl.h:3,
                       from /tmp/pip-install-jmof9w0m/flash-attn_192fda6cf68d4b03962573f02a91f403/csrc/flash_attn/src/flash.h:12,
                       from /tmp/pip-install-jmof9w0m/flash-attn_192fda6cf68d4b03962573f02a91f403/csrc/flash_attn/src/flash_bwd_launch_template.h:12,
                       from /tmp/pip-install-jmof9w0m/flash-attn_192fda6cf68d4b03962573f02a91f403/csrc/flash_attn/src/flash_bwd_hdim32_bf16_causal_sm80.cu:5:
      /home/nas_main/kinamkim/.venvs/groot/lib/python3.10/site-packages/nvidia/cu13/include/cuda_fp16.h:4492:10: fatal error: nv/target: No such file or directory
       4492 | #include <nv/target>
            |          ^~~~~~~~~~~
      compilation terminated.
      In file included from /home/nas_main/kinamkim/.venvs/groot/lib/python3.10/site-packages/nvidia/cu13/include/cuda_bf16.h:133,
                       from /home/nas_main/kinamkim/.venvs/groot/lib/python3.10/site-packages/torch/include/torch/headeronly/util/BFloat16.h:16,
                       from /home/nas_main/kinamkim/.venvs/groot/lib/python3.10/site-packages/torch/include/c10/util/BFloat16.h:1,
                       from /home/nas_main/kinamkim/.venvs/groot/lib/python3.10/site-packages/torch/include/c10/core/ScalarType.h:3,
                       from /home/nas_main/kinamkim/.venvs/groot/lib/python3.10/site-packages/torch/include/c10/core/TensorImpl.h:11,
                       from /home/nas_main/kinamkim/.venvs/groot/lib/python3.10/site-packages/torch/include/c10/core/GeneratorImpl.h:8,
                       from /home/nas_main/kinamkim/.venvs/groot/lib/python3.10/site-packages/torch/include/ATen/core/Generator.h:18,
                       from /home/nas_main/kinamkim/.venvs/groot/lib/python3.10/site-packages/torch/include/ATen/CPUGeneratorImpl.h:3,
                       from /home/nas_main/kinamkim/.venvs/groot/lib/python3.10/site-packages/torch/include/ATen/Context.h:4,
                       from /home/nas_main/kinamkim/.venvs/groot/lib/python3.10/site-packages/torch/include/ATen/cuda/CUDAGeneratorImpl.h:3,
                       from /tmp/pip-install-jmof9w0m/flash-attn_192fda6cf68d4b03962573f02a91f403/csrc/flash_attn/src/flash.h:12,
                       from /tmp/pip-install-jmof9w0m/flash-attn_192fda6cf68d4b03962573f02a91f403/csrc/flash_attn/src/flash_bwd_launch_template.h:12,
                       from /tmp/pip-install-jmof9w0m/flash-attn_192fda6cf68d4b03962573f02a91f403/csrc/flash_attn/src/flash_bwd_hdim32_bf16_causal_sm80.cu:5:
      /home/nas_main/kinamkim/.venvs/groot/lib/python3.10/site-packages/nvidia/cu13/include/cuda_fp16.h:4492:10: fatal error: nv/target: No such file or directory
       4492 | #include <nv/target>
            |          ^~~~~~~~~~~
      compilation terminated.
      In file included from /home/nas_main/kinamkim/.venvs/groot/lib/python3.10/site-packages/nvidia/cu13/include/cuda_bf16.h:133,
                       from /home/nas_main/kinamkim/.venvs/groot/lib/python3.10/site-packages/torch/include/torch/headeronly/util/BFloat16.h:16,
                       from /home/nas_main/kinamkim/.venvs/groot/lib/python3.10/site-packages/torch/include/c10/util/BFloat16.h:1,
                       from /home/nas_main/kinamkim/.venvs/groot/lib/python3.10/site-packages/torch/include/c10/core/ScalarType.h:3,
                       from /home/nas_main/kinamkim/.venvs/groot/lib/python3.10/site-packages/torch/include/c10/core/TensorImpl.h:11,
                       from /home/nas_main/kinamkim/.venvs/groot/lib/python3.10/site-packages/torch/include/c10/core/GeneratorImpl.h:8,
                       from /home/nas_main/kinamkim/.venvs/groot/lib/python3.10/site-packages/torch/include/ATen/core/Generator.h:18,
                       from /home/nas_main/kinamkim/.venvs/groot/lib/python3.10/site-packages/torch/include/ATen/CPUGeneratorImpl.h:3,
                       from /home/nas_main/kinamkim/.venvs/groot/lib/python3.10/site-packages/torch/include/ATen/Context.h:4,
                       from /home/nas_main/kinamkim/.venvs/groot/lib/python3.10/site-packages/torch/include/ATen/cuda/CUDAGeneratorImpl.h:3,
                       from /tmp/pip-install-jmof9w0m/flash-attn_192fda6cf68d4b03962573f02a91f403/csrc/flash_attn/src/flash.h:12,
                       from /tmp/pip-install-jmof9w0m/flash-attn_192fda6cf68d4b03962573f02a91f403/csrc/flash_attn/src/flash_bwd_launch_template.h:12,
                       from /tmp/pip-install-jmof9w0m/flash-attn_192fda6cf68d4b03962573f02a91f403/csrc/flash_attn/src/flash_bwd_hdim32_bf16_causal_sm80.cu:5:
      /home/nas_main/kinamkim/.venvs/groot/lib/python3.10/site-packages/nvidia/cu13/include/cuda_fp16.h:4492:10: fatal error: nv/target: No such file or directory
       4492 | #include <nv/target>
            |          ^~~~~~~~~~~
      compilation terminated.
      In file included from /home/nas_main/kinamkim/.venvs/groot/lib/python3.10/site-packages/nvidia/cu13/include/cuda_bf16.h:133,
                       from /home/nas_main/kinamkim/.venvs/groot/lib/python3.10/site-packages/torch/include/torch/headeronly/util/BFloat16.h:16,
                       from /home/nas_main/kinamkim/.venvs/groot/lib/python3.10/site-packages/torch/include/c10/util/BFloat16.h:1,
                       from /home/nas_main/kinamkim/.venvs/groot/lib/python3.10/site-packages/torch/include/c10/core/ScalarType.h:3,
                       from /home/nas_main/kinamkim/.venvs/groot/lib/python3.10/site-packages/torch/include/c10/core/TensorImpl.h:11,
                       from /home/nas_main/kinamkim/.venvs/groot/lib/python3.10/site-packages/torch/include/c10/core/GeneratorImpl.h:8,
                       from /home/nas_main/kinamkim/.venvs/groot/lib/python3.10/site-packages/torch/include/ATen/core/Generator.h:18,
                       from /home/nas_main/kinamkim/.venvs/groot/lib/python3.10/site-packages/torch/include/ATen/CPUGeneratorImpl.h:3,
                       from /home/nas_main/kinamkim/.venvs/groot/lib/python3.10/site-packages/torch/include/ATen/Context.h:4,
                       from /home/nas_main/kinamkim/.venvs/groot/lib/python3.10/site-packages/torch/include/ATen/cuda/CUDAGeneratorImpl.h:3,
                       from /tmp/pip-install-jmof9w0m/flash-attn_192fda6cf68d4b03962573f02a91f403/csrc/flash_attn/src/flash.h:12,
                       from /tmp/pip-install-jmof9w0m/flash-attn_192fda6cf68d4b03962573f02a91f403/csrc/flash_attn/src/flash_bwd_launch_template.h:12,
                       from /tmp/pip-install-jmof9w0m/flash-attn_192fda6cf68d4b03962573f02a91f403/csrc/flash_attn/src/flash_bwd_hdim32_bf16_causal_sm80.cu:5:
      /home/nas_main/kinamkim/.venvs/groot/lib/python3.10/site-packages/nvidia/cu13/include/cuda_fp16.h:4492:10: fatal error: nv/target: No such file or directory
       4492 | #include <nv/target>
            |          ^~~~~~~~~~~
      compilation terminated.
      fatal   : Could not open input file /tmp/tmpxft_003004a6_00000000-10_flash_bwd_hdim32_bf16_causal_sm80.compute_80.cpp1.ii
      [4/73] /home/nas_main/kinamkim/.venvs/groot/lib/python3.10/site-packages/nvidia/cu13/bin/nvcc --generate-dependencies-with-compile --dependency-output /tmp/pip-install-jmof9w0m/flash-attn_192fda6cf68d4b03962573f02a91f403/build/temp.linux-x86_64-cpython-310/csrc/flash_attn/src/flash_bwd_hdim256_bf16_causal_sm80.o.d -I/tmp/pip-install-jmof9w0m/flash-attn_192fda6cf68d4b03962573f02a91f403/csrc/flash_attn -I/tmp/pip-install-jmof9w0m/flash-attn_192fda6cf68d4b03962573f02a91f403/csrc/flash_attn/src -I/tmp/pip-install-jmof9w0m/flash-attn_192fda6cf68d4b03962573f02a91f403/csrc/cutlass/include -I/home/nas_main/kinamkim/.venvs/groot/lib/python3.10/site-packages/torch/include -I/home/nas_main/kinamkim/.venvs/groot/lib/python3.10/site-packages/torch/include/torch/csrc/api/include -I/home/nas_main/kinamkim/.venvs/groot/lib/python3.10/site-packages/nvidia/cu13/include -I/home/nas_main/kinamkim/.venvs/groot/include -I/home/nas_main/kinamkim/.local/share/uv/python/cpython-3.10.18-linux-x86_64-gnu/include/python3.10 -c -c /tmp/pip-install-jmof9w0m/flash-attn_192fda6cf68d4b03962573f02a91f403/csrc/flash_attn/src/flash_bwd_hdim256_bf16_causal_sm80.cu -o /tmp/pip-install-jmof9w0m/flash-attn_192fda6cf68d4b03962573f02a91f403/build/temp.linux-x86_64-cpython-310/csrc/flash_attn/src/flash_bwd_hdim256_bf16_causal_sm80.o -D__CUDA_NO_HALF_OPERATORS__ -D__CUDA_NO_HALF_CONVERSIONS__ -D__CUDA_NO_BFLOAT16_CONVERSIONS__ -D__CUDA_NO_HALF2_OPERATORS__ --expt-relaxed-constexpr --compiler-options ''"'"'-fPIC'"'"'' -O3 -std=c++17 -U__CUDA_NO_HALF_OPERATORS__ -U__CUDA_NO_HALF_CONVERSIONS__ -U__CUDA_NO_HALF2_OPERATORS__ -U__CUDA_NO_BFLOAT16_CONVERSIONS__ --expt-relaxed-constexpr --expt-extended-lambda --use_fast_math -gencode arch=compute_80,code=sm_80 -gencode arch=compute_90,code=sm_90 -gencode arch=compute_100,code=sm_100 -gencode arch=compute_120,code=sm_120 --threads 4 -DTORCH_API_INCLUDE_EXTENSION_H -DTORCH_EXTENSION_NAME=flash_attn_2_cuda -ccbin /home/nas_main/kinamkim/miniconda3/bin/gcc
      FAILED: [code=1] /tmp/pip-install-jmof9w0m/flash-attn_192fda6cf68d4b03962573f02a91f403/build/temp.linux-x86_64-cpython-310/csrc/flash_attn/src/flash_bwd_hdim256_bf16_causal_sm80.o
      /home/nas_main/kinamkim/.venvs/groot/lib/python3.10/site-packages/nvidia/cu13/bin/nvcc --generate-dependencies-with-compile --dependency-output /tmp/pip-install-jmof9w0m/flash-attn_192fda6cf68d4b03962573f02a91f403/build/temp.linux-x86_64-cpython-310/csrc/flash_attn/src/flash_bwd_hdim256_bf16_causal_sm80.o.d -I/tmp/pip-install-jmof9w0m/flash-attn_192fda6cf68d4b03962573f02a91f403/csrc/flash_attn -I/tmp/pip-install-jmof9w0m/flash-attn_192fda6cf68d4b03962573f02a91f403/csrc/flash_attn/src -I/tmp/pip-install-jmof9w0m/flash-attn_192fda6cf68d4b03962573f02a91f403/csrc/cutlass/include -I/home/nas_main/kinamkim/.venvs/groot/lib/python3.10/site-packages/torch/include -I/home/nas_main/kinamkim/.venvs/groot/lib/python3.10/site-packages/torch/include/torch/csrc/api/include -I/home/nas_main/kinamkim/.venvs/groot/lib/python3.10/site-packages/nvidia/cu13/include -I/home/nas_main/kinamkim/.venvs/groot/include -I/home/nas_main/kinamkim/.local/share/uv/python/cpython-3.10.18-linux-x86_64-gnu/include/python3.10 -c -c /tmp/pip-install-jmof9w0m/flash-attn_192fda6cf68d4b03962573f02a91f403/csrc/flash_attn/src/flash_bwd_hdim256_bf16_causal_sm80.cu -o /tmp/pip-install-jmof9w0m/flash-attn_192fda6cf68d4b03962573f02a91f403/build/temp.linux-x86_64-cpython-310/csrc/flash_attn/src/flash_bwd_hdim256_bf16_causal_sm80.o -D__CUDA_NO_HALF_OPERATORS__ -D__CUDA_NO_HALF_CONVERSIONS__ -D__CUDA_NO_BFLOAT16_CONVERSIONS__ -D__CUDA_NO_HALF2_OPERATORS__ --expt-relaxed-constexpr --compiler-options ''"'"'-fPIC'"'"'' -O3 -std=c++17 -U__CUDA_NO_HALF_OPERATORS__ -U__CUDA_NO_HALF_CONVERSIONS__ -U__CUDA_NO_HALF2_OPERATORS__ -U__CUDA_NO_BFLOAT16_CONVERSIONS__ --expt-relaxed-constexpr --expt-extended-lambda --use_fast_math -gencode arch=compute_80,code=sm_80 -gencode arch=compute_90,code=sm_90 -gencode arch=compute_100,code=sm_100 -gencode arch=compute_120,code=sm_120 --threads 4 -DTORCH_API_INCLUDE_EXTENSION_H -DTORCH_EXTENSION_NAME=flash_attn_2_cuda -ccbin /home/nas_main/kinamkim/miniconda3/bin/gcc
      In file included from /home/nas_main/kinamkim/.venvs/groot/lib/python3.10/site-packages/nvidia/cu13/include/cuda_bf16.h:133,
                       from /home/nas_main/kinamkim/.venvs/groot/lib/python3.10/site-packages/torch/include/torch/headeronly/util/BFloat16.h:16,
                       from /home/nas_main/kinamkim/.venvs/groot/lib/python3.10/site-packages/torch/include/c10/util/BFloat16.h:1,
                       from /home/nas_main/kinamkim/.venvs/groot/lib/python3.10/site-packages/torch/include/c10/core/ScalarType.h:3,
                       from /home/nas_main/kinamkim/.venvs/groot/lib/python3.10/site-packages/torch/include/c10/core/TensorImpl.h:11,
                       from /home/nas_main/kinamkim/.venvs/groot/lib/python3.10/site-packages/torch/include/c10/core/GeneratorImpl.h:8,
                       from /home/nas_main/kinamkim/.venvs/groot/lib/python3.10/site-packages/torch/include/ATen/core/Generator.h:18,
                       from /home/nas_main/kinamkim/.venvs/groot/lib/python3.10/site-packages/torch/include/ATen/CPUGeneratorImpl.h:3,
                       from /home/nas_main/kinamkim/.venvs/groot/lib/python3.10/site-packages/torch/include/ATen/Context.h:4,
                       from /home/nas_main/kinamkim/.venvs/groot/lib/python3.10/site-packages/torch/include/ATen/cuda/CUDAGeneratorImpl.h:3,
                       from /tmp/pip-install-jmof9w0m/flash-attn_192fda6cf68d4b03962573f02a91f403/csrc/flash_attn/src/flash.h:12,
                       from /tmp/pip-install-jmof9w0m/flash-attn_192fda6cf68d4b03962573f02a91f403/csrc/flash_attn/src/flash_bwd_launch_template.h:12,
                       from /tmp/pip-install-jmof9w0m/flash-attn_192fda6cf68d4b03962573f02a91f403/csrc/flash_attn/src/flash_bwd_hdim256_bf16_causal_sm80.cu:5:
      /home/nas_main/kinamkim/.venvs/groot/lib/python3.10/site-packages/nvidia/cu13/include/cuda_fp16.h:4492:10: fatal error: nv/target: No such file or directory
       4492 | #include <nv/target>
            |          ^~~~~~~~~~~
      compilation terminated.
      In file included from /home/nas_main/kinamkim/.venvs/groot/lib/python3.10/site-packages/nvidia/cu13/include/cuda_bf16.h:133,
                       from /home/nas_main/kinamkim/.venvs/groot/lib/python3.10/site-packages/torch/include/torch/headeronly/util/BFloat16.h:16,
                       from /home/nas_main/kinamkim/.venvs/groot/lib/python3.10/site-packages/torch/include/c10/util/BFloat16.h:1,
                       from /home/nas_main/kinamkim/.venvs/groot/lib/python3.10/site-packages/torch/include/c10/core/ScalarType.h:3,
                       from /home/nas_main/kinamkim/.venvs/groot/lib/python3.10/site-packages/torch/include/c10/core/TensorImpl.h:11,
                       from /home/nas_main/kinamkim/.venvs/groot/lib/python3.10/site-packages/torch/include/c10/core/GeneratorImpl.h:8,
                       from /home/nas_main/kinamkim/.venvs/groot/lib/python3.10/site-packages/torch/include/ATen/core/Generator.h:18,
                       from /home/nas_main/kinamkim/.venvs/groot/lib/python3.10/site-packages/torch/include/ATen/CPUGeneratorImpl.h:3,
                       from /home/nas_main/kinamkim/.venvs/groot/lib/python3.10/site-packages/torch/include/ATen/Context.h:4,
                       from /home/nas_main/kinamkim/.venvs/groot/lib/python3.10/site-packages/torch/include/ATen/cuda/CUDAGeneratorImpl.h:3,
                       from /tmp/pip-install-jmof9w0m/flash-attn_192fda6cf68d4b03962573f02a91f403/csrc/flash_attn/src/flash.h:12,
                       from /tmp/pip-install-jmof9w0m/flash-attn_192fda6cf68d4b03962573f02a91f403/csrc/flash_attn/src/flash_bwd_launch_template.h:12,
                       from /tmp/pip-install-jmof9w0m/flash-attn_192fda6cf68d4b03962573f02a91f403/csrc/flash_attn/src/flash_bwd_hdim256_bf16_causal_sm80.cu:5:
      /home/nas_main/kinamkim/.venvs/groot/lib/python3.10/site-packages/nvidia/cu13/include/cuda_fp16.h:4492:10: fatal error: nv/target: No such file or directory
       4492 | #include <nv/target>
            |          ^~~~~~~~~~~
      compilation terminated.
      In file included from /home/nas_main/kinamkim/.venvs/groot/lib/python3.10/site-packages/nvidia/cu13/include/cuda_bf16.h:133,
                       from /home/nas_main/kinamkim/.venvs/groot/lib/python3.10/site-packages/torch/include/torch/headeronly/util/BFloat16.h:16,
                       from /home/nas_main/kinamkim/.venvs/groot/lib/python3.10/site-packages/torch/include/c10/util/BFloat16.h:1,
                       from /home/nas_main/kinamkim/.venvs/groot/lib/python3.10/site-packages/torch/include/c10/core/ScalarType.h:3,
                       from /home/nas_main/kinamkim/.venvs/groot/lib/python3.10/site-packages/torch/include/c10/core/TensorImpl.h:11,
                       from /home/nas_main/kinamkim/.venvs/groot/lib/python3.10/site-packages/torch/include/c10/core/GeneratorImpl.h:8,
                       from /home/nas_main/kinamkim/.venvs/groot/lib/python3.10/site-packages/torch/include/ATen/core/Generator.h:18,
                       from /home/nas_main/kinamkim/.venvs/groot/lib/python3.10/site-packages/torch/include/ATen/CPUGeneratorImpl.h:3,
                       from /home/nas_main/kinamkim/.venvs/groot/lib/python3.10/site-packages/torch/include/ATen/Context.h:4,
                       from /home/nas_main/kinamkim/.venvs/groot/lib/python3.10/site-packages/torch/include/ATen/cuda/CUDAGeneratorImpl.h:3,
                       from /tmp/pip-install-jmof9w0m/flash-attn_192fda6cf68d4b03962573f02a91f403/csrc/flash_attn/src/flash.h:12,
                       from /tmp/pip-install-jmof9w0m/flash-attn_192fda6cf68d4b03962573f02a91f403/csrc/flash_attn/src/flash_bwd_launch_template.h:12,
                       from /tmp/pip-install-jmof9w0m/flash-attn_192fda6cf68d4b03962573f02a91f403/csrc/flash_attn/src/flash_bwd_hdim256_bf16_causal_sm80.cu:5:
      /home/nas_main/kinamkim/.venvs/groot/lib/python3.10/site-packages/nvidia/cu13/include/cuda_fp16.h:4492:10: fatal error: nv/target: No such file or directory
       4492 | #include <nv/target>
            |          ^~~~~~~~~~~
      compilation terminated.
      In file included from /home/nas_main/kinamkim/.venvs/groot/lib/python3.10/site-packages/nvidia/cu13/include/cuda_bf16.h:133,
                       from /home/nas_main/kinamkim/.venvs/groot/lib/python3.10/site-packages/torch/include/torch/headeronly/util/BFloat16.h:16,
                       from /home/nas_main/kinamkim/.venvs/groot/lib/python3.10/site-packages/torch/include/c10/util/BFloat16.h:1,
                       from /home/nas_main/kinamkim/.venvs/groot/lib/python3.10/site-packages/torch/include/c10/core/ScalarType.h:3,
                       from /home/nas_main/kinamkim/.venvs/groot/lib/python3.10/site-packages/torch/include/c10/core/TensorImpl.h:11,
                       from /home/nas_main/kinamkim/.venvs/groot/lib/python3.10/site-packages/torch/include/c10/core/GeneratorImpl.h:8,
                       from /home/nas_main/kinamkim/.venvs/groot/lib/python3.10/site-packages/torch/include/ATen/core/Generator.h:18,
                       from /home/nas_main/kinamkim/.venvs/groot/lib/python3.10/site-packages/torch/include/ATen/CPUGeneratorImpl.h:3,
                       from /home/nas_main/kinamkim/.venvs/groot/lib/python3.10/site-packages/torch/include/ATen/Context.h:4,
                       from /home/nas_main/kinamkim/.venvs/groot/lib/python3.10/site-packages/torch/include/ATen/cuda/CUDAGeneratorImpl.h:3,
                       from /tmp/pip-install-jmof9w0m/flash-attn_192fda6cf68d4b03962573f02a91f403/csrc/flash_attn/src/flash.h:12,
                       from /tmp/pip-install-jmof9w0m/flash-attn_192fda6cf68d4b03962573f02a91f403/csrc/flash_attn/src/flash_bwd_launch_template.h:12,
                       from /tmp/pip-install-jmof9w0m/flash-attn_192fda6cf68d4b03962573f02a91f403/csrc/flash_attn/src/flash_bwd_hdim256_bf16_causal_sm80.cu:5:
      /home/nas_main/kinamkim/.venvs/groot/lib/python3.10/site-packages/nvidia/cu13/include/cuda_fp16.h:4492:10: fatal error: nv/target: No such file or directory
       4492 | #include <nv/target>
            |          ^~~~~~~~~~~
      compilation terminated.
      fatal   : Could not open input file /tmp/tmpxft_003004a4_00000000-10_flash_bwd_hdim256_bf16_causal_sm80.compute_80.cpp1.ii
      [5/73] /home/nas_main/kinamkim/.venvs/groot/lib/python3.10/site-packages/nvidia/cu13/bin/nvcc --generate-dependencies-with-compile --dependency-output /tmp/pip-install-jmof9w0m/flash-attn_192fda6cf68d4b03962573f02a91f403/build/temp.linux-x86_64-cpython-310/csrc/flash_attn/src/flash_bwd_hdim256_bf16_sm80.o.d -I/tmp/pip-install-jmof9w0m/flash-attn_192fda6cf68d4b03962573f02a91f403/csrc/flash_attn -I/tmp/pip-install-jmof9w0m/flash-attn_192fda6cf68d4b03962573f02a91f403/csrc/flash_attn/src -I/tmp/pip-install-jmof9w0m/flash-attn_192fda6cf68d4b03962573f02a91f403/csrc/cutlass/include -I/home/nas_main/kinamkim/.venvs/groot/lib/python3.10/site-packages/torch/include -I/home/nas_main/kinamkim/.venvs/groot/lib/python3.10/site-packages/torch/include/torch/csrc/api/include -I/home/nas_main/kinamkim/.venvs/groot/lib/python3.10/site-packages/nvidia/cu13/include -I/home/nas_main/kinamkim/.venvs/groot/include -I/home/nas_main/kinamkim/.local/share/uv/python/cpython-3.10.18-linux-x86_64-gnu/include/python3.10 -c -c /tmp/pip-install-jmof9w0m/flash-attn_192fda6cf68d4b03962573f02a91f403/csrc/flash_attn/src/flash_bwd_hdim256_bf16_sm80.cu -o /tmp/pip-install-jmof9w0m/flash-attn_192fda6cf68d4b03962573f02a91f403/build/temp.linux-x86_64-cpython-310/csrc/flash_attn/src/flash_bwd_hdim256_bf16_sm80.o -D__CUDA_NO_HALF_OPERATORS__ -D__CUDA_NO_HALF_CONVERSIONS__ -D__CUDA_NO_BFLOAT16_CONVERSIONS__ -D__CUDA_NO_HALF2_OPERATORS__ --expt-relaxed-constexpr --compiler-options ''"'"'-fPIC'"'"'' -O3 -std=c++17 -U__CUDA_NO_HALF_OPERATORS__ -U__CUDA_NO_HALF_CONVERSIONS__ -U__CUDA_NO_HALF2_OPERATORS__ -U__CUDA_NO_BFLOAT16_CONVERSIONS__ --expt-relaxed-constexpr --expt-extended-lambda --use_fast_math -gencode arch=compute_80,code=sm_80 -gencode arch=compute_90,code=sm_90 -gencode arch=compute_100,code=sm_100 -gencode arch=compute_120,code=sm_120 --threads 4 -DTORCH_API_INCLUDE_EXTENSION_H -DTORCH_EXTENSION_NAME=flash_attn_2_cuda -ccbin /home/nas_main/kinamkim/miniconda3/bin/gcc
      FAILED: [code=1] /tmp/pip-install-jmof9w0m/flash-attn_192fda6cf68d4b03962573f02a91f403/build/temp.linux-x86_64-cpython-310/csrc/flash_attn/src/flash_bwd_hdim256_bf16_sm80.o
      /home/nas_main/kinamkim/.venvs/groot/lib/python3.10/site-packages/nvidia/cu13/bin/nvcc --generate-dependencies-with-compile --dependency-output /tmp/pip-install-jmof9w0m/flash-attn_192fda6cf68d4b03962573f02a91f403/build/temp.linux-x86_64-cpython-310/csrc/flash_attn/src/flash_bwd_hdim256_bf16_sm80.o.d -I/tmp/pip-install-jmof9w0m/flash-attn_192fda6cf68d4b03962573f02a91f403/csrc/flash_attn -I/tmp/pip-install-jmof9w0m/flash-attn_192fda6cf68d4b03962573f02a91f403/csrc/flash_attn/src -I/tmp/pip-install-jmof9w0m/flash-attn_192fda6cf68d4b03962573f02a91f403/csrc/cutlass/include -I/home/nas_main/kinamkim/.venvs/groot/lib/python3.10/site-packages/torch/include -I/home/nas_main/kinamkim/.venvs/groot/lib/python3.10/site-packages/torch/include/torch/csrc/api/include -I/home/nas_main/kinamkim/.venvs/groot/lib/python3.10/site-packages/nvidia/cu13/include -I/home/nas_main/kinamkim/.venvs/groot/include -I/home/nas_main/kinamkim/.local/share/uv/python/cpython-3.10.18-linux-x86_64-gnu/include/python3.10 -c -c /tmp/pip-install-jmof9w0m/flash-attn_192fda6cf68d4b03962573f02a91f403/csrc/flash_attn/src/flash_bwd_hdim256_bf16_sm80.cu -o /tmp/pip-install-jmof9w0m/flash-attn_192fda6cf68d4b03962573f02a91f403/build/temp.linux-x86_64-cpython-310/csrc/flash_attn/src/flash_bwd_hdim256_bf16_sm80.o -D__CUDA_NO_HALF_OPERATORS__ -D__CUDA_NO_HALF_CONVERSIONS__ -D__CUDA_NO_BFLOAT16_CONVERSIONS__ -D__CUDA_NO_HALF2_OPERATORS__ --expt-relaxed-constexpr --compiler-options ''"'"'-fPIC'"'"'' -O3 -std=c++17 -U__CUDA_NO_HALF_OPERATORS__ -U__CUDA_NO_HALF_CONVERSIONS__ -U__CUDA_NO_HALF2_OPERATORS__ -U__CUDA_NO_BFLOAT16_CONVERSIONS__ --expt-relaxed-constexpr --expt-extended-lambda --use_fast_math -gencode arch=compute_80,code=sm_80 -gencode arch=compute_90,code=sm_90 -gencode arch=compute_100,code=sm_100 -gencode arch=compute_120,code=sm_120 --threads 4 -DTORCH_API_INCLUDE_EXTENSION_H -DTORCH_EXTENSION_NAME=flash_attn_2_cuda -ccbin /home/nas_main/kinamkim/miniconda3/bin/gcc
      In file included from /home/nas_main/kinamkim/.venvs/groot/lib/python3.10/site-packages/nvidia/cu13/include/cuda_bf16.h:133,
                       from /home/nas_main/kinamkim/.venvs/groot/lib/python3.10/site-packages/torch/include/torch/headeronly/util/BFloat16.h:16,
                       from /home/nas_main/kinamkim/.venvs/groot/lib/python3.10/site-packages/torch/include/c10/util/BFloat16.h:1,
                       from /home/nas_main/kinamkim/.venvs/groot/lib/python3.10/site-packages/torch/include/c10/core/ScalarType.h:3,
                       from /home/nas_main/kinamkim/.venvs/groot/lib/python3.10/site-packages/torch/include/c10/core/TensorImpl.h:11,
                       from /home/nas_main/kinamkim/.venvs/groot/lib/python3.10/site-packages/torch/include/c10/core/GeneratorImpl.h:8,
                       from /home/nas_main/kinamkim/.venvs/groot/lib/python3.10/site-packages/torch/include/ATen/core/Generator.h:18,
                       from /home/nas_main/kinamkim/.venvs/groot/lib/python3.10/site-packages/torch/include/ATen/CPUGeneratorImpl.h:3,
                       from /home/nas_main/kinamkim/.venvs/groot/lib/python3.10/site-packages/torch/include/ATen/Context.h:4,
                       from /home/nas_main/kinamkim/.venvs/groot/lib/python3.10/site-packages/torch/include/ATen/cuda/CUDAGeneratorImpl.h:3,
                       from /tmp/pip-install-jmof9w0m/flash-attn_192fda6cf68d4b03962573f02a91f403/csrc/flash_attn/src/flash.h:12,
                       from /tmp/pip-install-jmof9w0m/flash-attn_192fda6cf68d4b03962573f02a91f403/csrc/flash_attn/src/flash_bwd_launch_template.h:12,
                       from /tmp/pip-install-jmof9w0m/flash-attn_192fda6cf68d4b03962573f02a91f403/csrc/flash_attn/src/flash_bwd_hdim256_bf16_sm80.cu:5:
      /home/nas_main/kinamkim/.venvs/groot/lib/python3.10/site-packages/nvidia/cu13/include/cuda_fp16.h:4492:10: fatal error: nv/target: No such file or directory
       4492 | #include <nv/target>
            |          ^~~~~~~~~~~
      compilation terminated.
      In file included from /home/nas_main/kinamkim/.venvs/groot/lib/python3.10/site-packages/nvidia/cu13/include/cuda_bf16.h:133,
                       from /home/nas_main/kinamkim/.venvs/groot/lib/python3.10/site-packages/torch/include/torch/headeronly/util/BFloat16.h:16,
                       from /home/nas_main/kinamkim/.venvs/groot/lib/python3.10/site-packages/torch/include/c10/util/BFloat16.h:1,
                       from /home/nas_main/kinamkim/.venvs/groot/lib/python3.10/site-packages/torch/include/c10/core/ScalarType.h:3,
                       from /home/nas_main/kinamkim/.venvs/groot/lib/python3.10/site-packages/torch/include/c10/core/TensorImpl.h:11,
                       from /home/nas_main/kinamkim/.venvs/groot/lib/python3.10/site-packages/torch/include/c10/core/GeneratorImpl.h:8,
                       from /home/nas_main/kinamkim/.venvs/groot/lib/python3.10/site-packages/torch/include/ATen/core/Generator.h:18,
                       from /home/nas_main/kinamkim/.venvs/groot/lib/python3.10/site-packages/torch/include/ATen/CPUGeneratorImpl.h:3,
                       from /home/nas_main/kinamkim/.venvs/groot/lib/python3.10/site-packages/torch/include/ATen/Context.h:4,
                       from /home/nas_main/kinamkim/.venvs/groot/lib/python3.10/site-packages/torch/include/ATen/cuda/CUDAGeneratorImpl.h:3,
                       from /tmp/pip-install-jmof9w0m/flash-attn_192fda6cf68d4b03962573f02a91f403/csrc/flash_attn/src/flash.h:12,
                       from /tmp/pip-install-jmof9w0m/flash-attn_192fda6cf68d4b03962573f02a91f403/csrc/flash_attn/src/flash_bwd_launch_template.h:12,
                       from /tmp/pip-install-jmof9w0m/flash-attn_192fda6cf68d4b03962573f02a91f403/csrc/flash_attn/src/flash_bwd_hdim256_bf16_sm80.cu:5:
      /home/nas_main/kinamkim/.venvs/groot/lib/python3.10/site-packages/nvidia/cu13/include/cuda_fp16.h:4492:10: fatal error: nv/target: No such file or directory
       4492 | #include <nv/target>
            |          ^~~~~~~~~~~
      compilation terminated.
      In file included from /home/nas_main/kinamkim/.venvs/groot/lib/python3.10/site-packages/nvidia/cu13/include/cuda_bf16.h:133,
                       from /home/nas_main/kinamkim/.venvs/groot/lib/python3.10/site-packages/torch/include/torch/headeronly/util/BFloat16.h:16,
                       from /home/nas_main/kinamkim/.venvs/groot/lib/python3.10/site-packages/torch/include/c10/util/BFloat16.h:1,
                       from /home/nas_main/kinamkim/.venvs/groot/lib/python3.10/site-packages/torch/include/c10/core/ScalarType.h:3,
                       from /home/nas_main/kinamkim/.venvs/groot/lib/python3.10/site-packages/torch/include/c10/core/TensorImpl.h:11,
                       from /home/nas_main/kinamkim/.venvs/groot/lib/python3.10/site-packages/torch/include/c10/core/GeneratorImpl.h:8,
                       from /home/nas_main/kinamkim/.venvs/groot/lib/python3.10/site-packages/torch/include/ATen/core/Generator.h:18,
                       from /home/nas_main/kinamkim/.venvs/groot/lib/python3.10/site-packages/torch/include/ATen/CPUGeneratorImpl.h:3,
                       from /home/nas_main/kinamkim/.venvs/groot/lib/python3.10/site-packages/torch/include/ATen/Context.h:4,
                       from /home/nas_main/kinamkim/.venvs/groot/lib/python3.10/site-packages/torch/include/ATen/cuda/CUDAGeneratorImpl.h:3,
                       from /tmp/pip-install-jmof9w0m/flash-attn_192fda6cf68d4b03962573f02a91f403/csrc/flash_attn/src/flash.h:12,
                       from /tmp/pip-install-jmof9w0m/flash-attn_192fda6cf68d4b03962573f02a91f403/csrc/flash_attn/src/flash_bwd_launch_template.h:12,
                       from /tmp/pip-install-jmof9w0m/flash-attn_192fda6cf68d4b03962573f02a91f403/csrc/flash_attn/src/flash_bwd_hdim256_bf16_sm80.cu:5:
      /home/nas_main/kinamkim/.venvs/groot/lib/python3.10/site-packages/nvidia/cu13/include/cuda_fp16.h:4492:10: fatal error: nv/target: No such file or directory
       4492 | #include <nv/target>
            |          ^~~~~~~~~~~
      compilation terminated.
      In file included from /home/nas_main/kinamkim/.venvs/groot/lib/python3.10/site-packages/nvidia/cu13/include/cuda_bf16.h:133,
                       from /home/nas_main/kinamkim/.venvs/groot/lib/python3.10/site-packages/torch/include/torch/headeronly/util/BFloat16.h:16,
                       from /home/nas_main/kinamkim/.venvs/groot/lib/python3.10/site-packages/torch/include/c10/util/BFloat16.h:1,
                       from /home/nas_main/kinamkim/.venvs/groot/lib/python3.10/site-packages/torch/include/c10/core/ScalarType.h:3,
                       from /home/nas_main/kinamkim/.venvs/groot/lib/python3.10/site-packages/torch/include/c10/core/TensorImpl.h:11,
                       from /home/nas_main/kinamkim/.venvs/groot/lib/python3.10/site-packages/torch/include/c10/core/GeneratorImpl.h:8,
                       from /home/nas_main/kinamkim/.venvs/groot/lib/python3.10/site-packages/torch/include/ATen/core/Generator.h:18,
                       from /home/nas_main/kinamkim/.venvs/groot/lib/python3.10/site-packages/torch/include/ATen/CPUGeneratorImpl.h:3,
                       from /home/nas_main/kinamkim/.venvs/groot/lib/python3.10/site-packages/torch/include/ATen/Context.h:4,
                       from /home/nas_main/kinamkim/.venvs/groot/lib/python3.10/site-packages/torch/include/ATen/cuda/CUDAGeneratorImpl.h:3,
                       from /tmp/pip-install-jmof9w0m/flash-attn_192fda6cf68d4b03962573f02a91f403/csrc/flash_attn/src/flash.h:12,
                       from /tmp/pip-install-jmof9w0m/flash-attn_192fda6cf68d4b03962573f02a91f403/csrc/flash_attn/src/flash_bwd_launch_template.h:12,
                       from /tmp/pip-install-jmof9w0m/flash-attn_192fda6cf68d4b03962573f02a91f403/csrc/flash_attn/src/flash_bwd_hdim256_bf16_sm80.cu:5:
      /home/nas_main/kinamkim/.venvs/groot/lib/python3.10/site-packages/nvidia/cu13/include/cuda_fp16.h:4492:10: fatal error: nv/target: No such file or directory
       4492 | #include <nv/target>
            |          ^~~~~~~~~~~
      compilation terminated.
      fatal   : Could not open input file /tmp/tmpxft_003004a5_00000000-10_flash_bwd_hdim256_bf16_sm80.compute_80.cpp1.ii
      [6/73] /home/nas_main/kinamkim/.venvs/groot/lib/python3.10/site-packages/nvidia/cu13/bin/nvcc --generate-dependencies-with-compile --dependency-output /tmp/pip-install-jmof9w0m/flash-attn_192fda6cf68d4b03962573f02a91f403/build/temp.linux-x86_64-cpython-310/csrc/flash_attn/src/flash_bwd_hdim128_fp16_sm80.o.d -I/tmp/pip-install-jmof9w0m/flash-attn_192fda6cf68d4b03962573f02a91f403/csrc/flash_attn -I/tmp/pip-install-jmof9w0m/flash-attn_192fda6cf68d4b03962573f02a91f403/csrc/flash_attn/src -I/tmp/pip-install-jmof9w0m/flash-attn_192fda6cf68d4b03962573f02a91f403/csrc/cutlass/include -I/home/nas_main/kinamkim/.venvs/groot/lib/python3.10/site-packages/torch/include -I/home/nas_main/kinamkim/.venvs/groot/lib/python3.10/site-packages/torch/include/torch/csrc/api/include -I/home/nas_main/kinamkim/.venvs/groot/lib/python3.10/site-packages/nvidia/cu13/include -I/home/nas_main/kinamkim/.venvs/groot/include -I/home/nas_main/kinamkim/.local/share/uv/python/cpython-3.10.18-linux-x86_64-gnu/include/python3.10 -c -c /tmp/pip-install-jmof9w0m/flash-attn_192fda6cf68d4b03962573f02a91f403/csrc/flash_attn/src/flash_bwd_hdim128_fp16_sm80.cu -o /tmp/pip-install-jmof9w0m/flash-attn_192fda6cf68d4b03962573f02a91f403/build/temp.linux-x86_64-cpython-310/csrc/flash_attn/src/flash_bwd_hdim128_fp16_sm80.o -D__CUDA_NO_HALF_OPERATORS__ -D__CUDA_NO_HALF_CONVERSIONS__ -D__CUDA_NO_BFLOAT16_CONVERSIONS__ -D__CUDA_NO_HALF2_OPERATORS__ --expt-relaxed-constexpr --compiler-options ''"'"'-fPIC'"'"'' -O3 -std=c++17 -U__CUDA_NO_HALF_OPERATORS__ -U__CUDA_NO_HALF_CONVERSIONS__ -U__CUDA_NO_HALF2_OPERATORS__ -U__CUDA_NO_BFLOAT16_CONVERSIONS__ --expt-relaxed-constexpr --expt-extended-lambda --use_fast_math -gencode arch=compute_80,code=sm_80 -gencode arch=compute_90,code=sm_90 -gencode arch=compute_100,code=sm_100 -gencode arch=compute_120,code=sm_120 --threads 4 -DTORCH_API_INCLUDE_EXTENSION_H -DTORCH_EXTENSION_NAME=flash_attn_2_cuda -ccbin /home/nas_main/kinamkim/miniconda3/bin/gcc
      FAILED: [code=1] /tmp/pip-install-jmof9w0m/flash-attn_192fda6cf68d4b03962573f02a91f403/build/temp.linux-x86_64-cpython-310/csrc/flash_attn/src/flash_bwd_hdim128_fp16_sm80.o
      /home/nas_main/kinamkim/.venvs/groot/lib/python3.10/site-packages/nvidia/cu13/bin/nvcc --generate-dependencies-with-compile --dependency-output /tmp/pip-install-jmof9w0m/flash-attn_192fda6cf68d4b03962573f02a91f403/build/temp.linux-x86_64-cpython-310/csrc/flash_attn/src/flash_bwd_hdim128_fp16_sm80.o.d -I/tmp/pip-install-jmof9w0m/flash-attn_192fda6cf68d4b03962573f02a91f403/csrc/flash_attn -I/tmp/pip-install-jmof9w0m/flash-attn_192fda6cf68d4b03962573f02a91f403/csrc/flash_attn/src -I/tmp/pip-install-jmof9w0m/flash-attn_192fda6cf68d4b03962573f02a91f403/csrc/cutlass/include -I/home/nas_main/kinamkim/.venvs/groot/lib/python3.10/site-packages/torch/include -I/home/nas_main/kinamkim/.venvs/groot/lib/python3.10/site-packages/torch/include/torch/csrc/api/include -I/home/nas_main/kinamkim/.venvs/groot/lib/python3.10/site-packages/nvidia/cu13/include -I/home/nas_main/kinamkim/.venvs/groot/include -I/home/nas_main/kinamkim/.local/share/uv/python/cpython-3.10.18-linux-x86_64-gnu/include/python3.10 -c -c /tmp/pip-install-jmof9w0m/flash-attn_192fda6cf68d4b03962573f02a91f403/csrc/flash_attn/src/flash_bwd_hdim128_fp16_sm80.cu -o /tmp/pip-install-jmof9w0m/flash-attn_192fda6cf68d4b03962573f02a91f403/build/temp.linux-x86_64-cpython-310/csrc/flash_attn/src/flash_bwd_hdim128_fp16_sm80.o -D__CUDA_NO_HALF_OPERATORS__ -D__CUDA_NO_HALF_CONVERSIONS__ -D__CUDA_NO_BFLOAT16_CONVERSIONS__ -D__CUDA_NO_HALF2_OPERATORS__ --expt-relaxed-constexpr --compiler-options ''"'"'-fPIC'"'"'' -O3 -std=c++17 -U__CUDA_NO_HALF_OPERATORS__ -U__CUDA_NO_HALF_CONVERSIONS__ -U__CUDA_NO_HALF2_OPERATORS__ -U__CUDA_NO_BFLOAT16_CONVERSIONS__ --expt-relaxed-constexpr --expt-extended-lambda --use_fast_math -gencode arch=compute_80,code=sm_80 -gencode arch=compute_90,code=sm_90 -gencode arch=compute_100,code=sm_100 -gencode arch=compute_120,code=sm_120 --threads 4 -DTORCH_API_INCLUDE_EXTENSION_H -DTORCH_EXTENSION_NAME=flash_attn_2_cuda -ccbin /home/nas_main/kinamkim/miniconda3/bin/gcc
      In file included from /home/nas_main/kinamkim/.venvs/groot/lib/python3.10/site-packages/nvidia/cu13/include/cuda_bf16.h:133,
                       from /home/nas_main/kinamkim/.venvs/groot/lib/python3.10/site-packages/torch/include/torch/headeronly/util/BFloat16.h:16,
                       from /home/nas_main/kinamkim/.venvs/groot/lib/python3.10/site-packages/torch/include/c10/util/BFloat16.h:1,
                       from /home/nas_main/kinamkim/.venvs/groot/lib/python3.10/site-packages/torch/include/c10/core/ScalarType.h:3,
                       from /home/nas_main/kinamkim/.venvs/groot/lib/python3.10/site-packages/torch/include/c10/core/TensorImpl.h:11,
                       from /home/nas_main/kinamkim/.venvs/groot/lib/python3.10/site-packages/torch/include/c10/core/GeneratorImpl.h:8,
                       from /home/nas_main/kinamkim/.venvs/groot/lib/python3.10/site-packages/torch/include/ATen/core/Generator.h:18,
                       from /home/nas_main/kinamkim/.venvs/groot/lib/python3.10/site-packages/torch/include/ATen/CPUGeneratorImpl.h:3,
                       from /home/nas_main/kinamkim/.venvs/groot/lib/python3.10/site-packages/torch/include/ATen/Context.h:4,
                       from /home/nas_main/kinamkim/.venvs/groot/lib/python3.10/site-packages/torch/include/ATen/cuda/CUDAGeneratorImpl.h:3,
                       from /tmp/pip-install-jmof9w0m/flash-attn_192fda6cf68d4b03962573f02a91f403/csrc/flash_attn/src/flash.h:12,
                       from /tmp/pip-install-jmof9w0m/flash-attn_192fda6cf68d4b03962573f02a91f403/csrc/flash_attn/src/flash_bwd_launch_template.h:12,
                       from /tmp/pip-install-jmof9w0m/flash-attn_192fda6cf68d4b03962573f02a91f403/csrc/flash_attn/src/flash_bwd_hdim128_fp16_sm80.cu:5:
      /home/nas_main/kinamkim/.venvs/groot/lib/python3.10/site-packages/nvidia/cu13/include/cuda_fp16.h:4492:10: fatal error: nv/target: No such file or directory
       4492 | #include <nv/target>
            |          ^~~~~~~~~~~
      compilation terminated.
      In file included from /home/nas_main/kinamkim/.venvs/groot/lib/python3.10/site-packages/nvidia/cu13/include/cuda_bf16.h:133,
                       from /home/nas_main/kinamkim/.venvs/groot/lib/python3.10/site-packages/torch/include/torch/headeronly/util/BFloat16.h:16,
                       from /home/nas_main/kinamkim/.venvs/groot/lib/python3.10/site-packages/torch/include/c10/util/BFloat16.h:1,
                       from /home/nas_main/kinamkim/.venvs/groot/lib/python3.10/site-packages/torch/include/c10/core/ScalarType.h:3,
                       from /home/nas_main/kinamkim/.venvs/groot/lib/python3.10/site-packages/torch/include/c10/core/TensorImpl.h:11,
                       from /home/nas_main/kinamkim/.venvs/groot/lib/python3.10/site-packages/torch/include/c10/core/GeneratorImpl.h:8,
                       from /home/nas_main/kinamkim/.venvs/groot/lib/python3.10/site-packages/torch/include/ATen/core/Generator.h:18,
                       from /home/nas_main/kinamkim/.venvs/groot/lib/python3.10/site-packages/torch/include/ATen/CPUGeneratorImpl.h:3,
                       from /home/nas_main/kinamkim/.venvs/groot/lib/python3.10/site-packages/torch/include/ATen/Context.h:4,
                       from /home/nas_main/kinamkim/.venvs/groot/lib/python3.10/site-packages/torch/include/ATen/cuda/CUDAGeneratorImpl.h:3,
                       from /tmp/pip-install-jmof9w0m/flash-attn_192fda6cf68d4b03962573f02a91f403/csrc/flash_attn/src/flash.h:12,
                       from /tmp/pip-install-jmof9w0m/flash-attn_192fda6cf68d4b03962573f02a91f403/csrc/flash_attn/src/flash_bwd_launch_template.h:12,
                       from /tmp/pip-install-jmof9w0m/flash-attn_192fda6cf68d4b03962573f02a91f403/csrc/flash_attn/src/flash_bwd_hdim128_fp16_sm80.cu:5:
      /home/nas_main/kinamkim/.venvs/groot/lib/python3.10/site-packages/nvidia/cu13/include/cuda_fp16.h:4492:10: fatal error: nv/target: No such file or directory
       4492 | #include <nv/target>
            |          ^~~~~~~~~~~
      compilation terminated.
      In file included from /home/nas_main/kinamkim/.venvs/groot/lib/python3.10/site-packages/nvidia/cu13/include/cuda_bf16.h:133,
                       from /home/nas_main/kinamkim/.venvs/groot/lib/python3.10/site-packages/torch/include/torch/headeronly/util/BFloat16.h:16,
                       from /home/nas_main/kinamkim/.venvs/groot/lib/python3.10/site-packages/torch/include/c10/util/BFloat16.h:1,
                       from /home/nas_main/kinamkim/.venvs/groot/lib/python3.10/site-packages/torch/include/c10/core/ScalarType.h:3,
                       from /home/nas_main/kinamkim/.venvs/groot/lib/python3.10/site-packages/torch/include/c10/core/TensorImpl.h:11,
                       from /home/nas_main/kinamkim/.venvs/groot/lib/python3.10/site-packages/torch/include/c10/core/GeneratorImpl.h:8,
                       from /home/nas_main/kinamkim/.venvs/groot/lib/python3.10/site-packages/torch/include/ATen/core/Generator.h:18,
                       from /home/nas_main/kinamkim/.venvs/groot/lib/python3.10/site-packages/torch/include/ATen/CPUGeneratorImpl.h:3,
                       from /home/nas_main/kinamkim/.venvs/groot/lib/python3.10/site-packages/torch/include/ATen/Context.h:4,
                       from /home/nas_main/kinamkim/.venvs/groot/lib/python3.10/site-packages/torch/include/ATen/cuda/CUDAGeneratorImpl.h:3,
                       from /tmp/pip-install-jmof9w0m/flash-attn_192fda6cf68d4b03962573f02a91f403/csrc/flash_attn/src/flash.h:12,
                       from /tmp/pip-install-jmof9w0m/flash-attn_192fda6cf68d4b03962573f02a91f403/csrc/flash_attn/src/flash_bwd_launch_template.h:12,
                       from /tmp/pip-install-jmof9w0m/flash-attn_192fda6cf68d4b03962573f02a91f403/csrc/flash_attn/src/flash_bwd_hdim128_fp16_sm80.cu:5:
      /home/nas_main/kinamkim/.venvs/groot/lib/python3.10/site-packages/nvidia/cu13/include/cuda_fp16.h:4492:10: fatal error: nv/target: No such file or directory
       4492 | #include <nv/target>
            |          ^~~~~~~~~~~
      compilation terminated.
      In file included from /home/nas_main/kinamkim/.venvs/groot/lib/python3.10/site-packages/nvidia/cu13/include/cuda_bf16.h:133,
                       from /home/nas_main/kinamkim/.venvs/groot/lib/python3.10/site-packages/torch/include/torch/headeronly/util/BFloat16.h:16,
                       from /home/nas_main/kinamkim/.venvs/groot/lib/python3.10/site-packages/torch/include/c10/util/BFloat16.h:1,
                       from /home/nas_main/kinamkim/.venvs/groot/lib/python3.10/site-packages/torch/include/c10/core/ScalarType.h:3,
                       from /home/nas_main/kinamkim/.venvs/groot/lib/python3.10/site-packages/torch/include/c10/core/TensorImpl.h:11,
                       from /home/nas_main/kinamkim/.venvs/groot/lib/python3.10/site-packages/torch/include/c10/core/GeneratorImpl.h:8,
                       from /home/nas_main/kinamkim/.venvs/groot/lib/python3.10/site-packages/torch/include/ATen/core/Generator.h:18,
                       from /home/nas_main/kinamkim/.venvs/groot/lib/python3.10/site-packages/torch/include/ATen/CPUGeneratorImpl.h:3,
                       from /home/nas_main/kinamkim/.venvs/groot/lib/python3.10/site-packages/torch/include/ATen/Context.h:4,
                       from /home/nas_main/kinamkim/.venvs/groot/lib/python3.10/site-packages/torch/include/ATen/cuda/CUDAGeneratorImpl.h:3,
                       from /tmp/pip-install-jmof9w0m/flash-attn_192fda6cf68d4b03962573f02a91f403/csrc/flash_attn/src/flash.h:12,
                       from /tmp/pip-install-jmof9w0m/flash-attn_192fda6cf68d4b03962573f02a91f403/csrc/flash_attn/src/flash_bwd_launch_template.h:12,
                       from /tmp/pip-install-jmof9w0m/flash-attn_192fda6cf68d4b03962573f02a91f403/csrc/flash_attn/src/flash_bwd_hdim128_fp16_sm80.cu:5:
      /home/nas_main/kinamkim/.venvs/groot/lib/python3.10/site-packages/nvidia/cu13/include/cuda_fp16.h:4492:10: fatal error: nv/target: No such file or directory
       4492 | #include <nv/target>
            |          ^~~~~~~~~~~
      compilation terminated.
      fatal   : Could not open input file /tmp/tmpxft_0030049a_00000000-10_flash_bwd_hdim128_fp16_sm80.compute_80.cpp1.ii
      [7/73] /home/nas_main/kinamkim/.venvs/groot/lib/python3.10/site-packages/nvidia/cu13/bin/nvcc --generate-dependencies-with-compile --dependency-output /tmp/pip-install-jmof9w0m/flash-attn_192fda6cf68d4b03962573f02a91f403/build/temp.linux-x86_64-cpython-310/csrc/flash_attn/src/flash_bwd_hdim256_fp16_causal_sm80.o.d -I/tmp/pip-install-jmof9w0m/flash-attn_192fda6cf68d4b03962573f02a91f403/csrc/flash_attn -I/tmp/pip-install-jmof9w0m/flash-attn_192fda6cf68d4b03962573f02a91f403/csrc/flash_attn/src -I/tmp/pip-install-jmof9w0m/flash-attn_192fda6cf68d4b03962573f02a91f403/csrc/cutlass/include -I/home/nas_main/kinamkim/.venvs/groot/lib/python3.10/site-packages/torch/include -I/home/nas_main/kinamkim/.venvs/groot/lib/python3.10/site-packages/torch/include/torch/csrc/api/include -I/home/nas_main/kinamkim/.venvs/groot/lib/python3.10/site-packages/nvidia/cu13/include -I/home/nas_main/kinamkim/.venvs/groot/include -I/home/nas_main/kinamkim/.local/share/uv/python/cpython-3.10.18-linux-x86_64-gnu/include/python3.10 -c -c /tmp/pip-install-jmof9w0m/flash-attn_192fda6cf68d4b03962573f02a91f403/csrc/flash_attn/src/flash_bwd_hdim256_fp16_causal_sm80.cu -o /tmp/pip-install-jmof9w0m/flash-attn_192fda6cf68d4b03962573f02a91f403/build/temp.linux-x86_64-cpython-310/csrc/flash_attn/src/flash_bwd_hdim256_fp16_causal_sm80.o -D__CUDA_NO_HALF_OPERATORS__ -D__CUDA_NO_HALF_CONVERSIONS__ -D__CUDA_NO_BFLOAT16_CONVERSIONS__ -D__CUDA_NO_HALF2_OPERATORS__ --expt-relaxed-constexpr --compiler-options ''"'"'-fPIC'"'"'' -O3 -std=c++17 -U__CUDA_NO_HALF_OPERATORS__ -U__CUDA_NO_HALF_CONVERSIONS__ -U__CUDA_NO_HALF2_OPERATORS__ -U__CUDA_NO_BFLOAT16_CONVERSIONS__ --expt-relaxed-constexpr --expt-extended-lambda --use_fast_math -gencode arch=compute_80,code=sm_80 -gencode arch=compute_90,code=sm_90 -gencode arch=compute_100,code=sm_100 -gencode arch=compute_120,code=sm_120 --threads 4 -DTORCH_API_INCLUDE_EXTENSION_H -DTORCH_EXTENSION_NAME=flash_attn_2_cuda -ccbin /home/nas_main/kinamkim/miniconda3/bin/gcc
      FAILED: [code=1] /tmp/pip-install-jmof9w0m/flash-attn_192fda6cf68d4b03962573f02a91f403/build/temp.linux-x86_64-cpython-310/csrc/flash_attn/src/flash_bwd_hdim256_fp16_causal_sm80.o
      /home/nas_main/kinamkim/.venvs/groot/lib/python3.10/site-packages/nvidia/cu13/bin/nvcc --generate-dependencies-with-compile --dependency-output /tmp/pip-install-jmof9w0m/flash-attn_192fda6cf68d4b03962573f02a91f403/build/temp.linux-x86_64-cpython-310/csrc/flash_attn/src/flash_bwd_hdim256_fp16_causal_sm80.o.d -I/tmp/pip-install-jmof9w0m/flash-attn_192fda6cf68d4b03962573f02a91f403/csrc/flash_attn -I/tmp/pip-install-jmof9w0m/flash-attn_192fda6cf68d4b03962573f02a91f403/csrc/flash_attn/src -I/tmp/pip-install-jmof9w0m/flash-attn_192fda6cf68d4b03962573f02a91f403/csrc/cutlass/include -I/home/nas_main/kinamkim/.venvs/groot/lib/python3.10/site-packages/torch/include -I/home/nas_main/kinamkim/.venvs/groot/lib/python3.10/site-packages/torch/include/torch/csrc/api/include -I/home/nas_main/kinamkim/.venvs/groot/lib/python3.10/site-packages/nvidia/cu13/include -I/home/nas_main/kinamkim/.venvs/groot/include -I/home/nas_main/kinamkim/.local/share/uv/python/cpython-3.10.18-linux-x86_64-gnu/include/python3.10 -c -c /tmp/pip-install-jmof9w0m/flash-attn_192fda6cf68d4b03962573f02a91f403/csrc/flash_attn/src/flash_bwd_hdim256_fp16_causal_sm80.cu -o /tmp/pip-install-jmof9w0m/flash-attn_192fda6cf68d4b03962573f02a91f403/build/temp.linux-x86_64-cpython-310/csrc/flash_attn/src/flash_bwd_hdim256_fp16_causal_sm80.o -D__CUDA_NO_HALF_OPERATORS__ -D__CUDA_NO_HALF_CONVERSIONS__ -D__CUDA_NO_BFLOAT16_CONVERSIONS__ -D__CUDA_NO_HALF2_OPERATORS__ --expt-relaxed-constexpr --compiler-options ''"'"'-fPIC'"'"'' -O3 -std=c++17 -U__CUDA_NO_HALF_OPERATORS__ -U__CUDA_NO_HALF_CONVERSIONS__ -U__CUDA_NO_HALF2_OPERATORS__ -U__CUDA_NO_BFLOAT16_CONVERSIONS__ --expt-relaxed-constexpr --expt-extended-lambda --use_fast_math -gencode arch=compute_80,code=sm_80 -gencode arch=compute_90,code=sm_90 -gencode arch=compute_100,code=sm_100 -gencode arch=compute_120,code=sm_120 --threads 4 -DTORCH_API_INCLUDE_EXTENSION_H -DTORCH_EXTENSION_NAME=flash_attn_2_cuda -ccbin /home/nas_main/kinamkim/miniconda3/bin/gcc
      In file included from /home/nas_main/kinamkim/.venvs/groot/lib/python3.10/site-packages/nvidia/cu13/include/cuda_bf16.h:133,
                       from /home/nas_main/kinamkim/.venvs/groot/lib/python3.10/site-packages/torch/include/torch/headeronly/util/BFloat16.h:16,
                       from /home/nas_main/kinamkim/.venvs/groot/lib/python3.10/site-packages/torch/include/c10/util/BFloat16.h:1,
                       from /home/nas_main/kinamkim/.venvs/groot/lib/python3.10/site-packages/torch/include/c10/core/ScalarType.h:3,
                       from /home/nas_main/kinamkim/.venvs/groot/lib/python3.10/site-packages/torch/include/c10/core/TensorImpl.h:11,
                       from /home/nas_main/kinamkim/.venvs/groot/lib/python3.10/site-packages/torch/include/c10/core/GeneratorImpl.h:8,
                       from /home/nas_main/kinamkim/.venvs/groot/lib/python3.10/site-packages/torch/include/ATen/core/Generator.h:18,
                       from /home/nas_main/kinamkim/.venvs/groot/lib/python3.10/site-packages/torch/include/ATen/CPUGeneratorImpl.h:3,
                       from /home/nas_main/kinamkim/.venvs/groot/lib/python3.10/site-packages/torch/include/ATen/Context.h:4,
                       from /home/nas_main/kinamkim/.venvs/groot/lib/python3.10/site-packages/torch/include/ATen/cuda/CUDAGeneratorImpl.h:3,
                       from /tmp/pip-install-jmof9w0m/flash-attn_192fda6cf68d4b03962573f02a91f403/csrc/flash_attn/src/flash.h:12,
                       from /tmp/pip-install-jmof9w0m/flash-attn_192fda6cf68d4b03962573f02a91f403/csrc/flash_attn/src/flash_bwd_launch_template.h:12,
                       from /tmp/pip-install-jmof9w0m/flash-attn_192fda6cf68d4b03962573f02a91f403/csrc/flash_attn/src/flash_bwd_hdim256_fp16_causal_sm80.cu:5:
      /home/nas_main/kinamkim/.venvs/groot/lib/python3.10/site-packages/nvidia/cu13/include/cuda_fp16.h:4492:10: fatal error: nv/target: No such file or directory
       4492 | #include <nv/target>
            |          ^~~~~~~~~~~
      compilation terminated.
      In file included from /home/nas_main/kinamkim/.venvs/groot/lib/python3.10/site-packages/nvidia/cu13/include/cuda_bf16.h:133,
                       from /home/nas_main/kinamkim/.venvs/groot/lib/python3.10/site-packages/torch/include/torch/headeronly/util/BFloat16.h:16,
                       from /home/nas_main/kinamkim/.venvs/groot/lib/python3.10/site-packages/torch/include/c10/util/BFloat16.h:1,
                       from /home/nas_main/kinamkim/.venvs/groot/lib/python3.10/site-packages/torch/include/c10/core/ScalarType.h:3,
                       from /home/nas_main/kinamkim/.venvs/groot/lib/python3.10/site-packages/torch/include/c10/core/TensorImpl.h:11,
                       from /home/nas_main/kinamkim/.venvs/groot/lib/python3.10/site-packages/torch/include/c10/core/GeneratorImpl.h:8,
                       from /home/nas_main/kinamkim/.venvs/groot/lib/python3.10/site-packages/torch/include/ATen/core/Generator.h:18,
                       from /home/nas_main/kinamkim/.venvs/groot/lib/python3.10/site-packages/torch/include/ATen/CPUGeneratorImpl.h:3,
                       from /home/nas_main/kinamkim/.venvs/groot/lib/python3.10/site-packages/torch/include/ATen/Context.h:4,
                       from /home/nas_main/kinamkim/.venvs/groot/lib/python3.10/site-packages/torch/include/ATen/cuda/CUDAGeneratorImpl.h:3,
                       from /tmp/pip-install-jmof9w0m/flash-attn_192fda6cf68d4b03962573f02a91f403/csrc/flash_attn/src/flash.h:12,
                       from /tmp/pip-install-jmof9w0m/flash-attn_192fda6cf68d4b03962573f02a91f403/csrc/flash_attn/src/flash_bwd_launch_template.h:12,
                       from /tmp/pip-install-jmof9w0m/flash-attn_192fda6cf68d4b03962573f02a91f403/csrc/flash_attn/src/flash_bwd_hdim256_fp16_causal_sm80.cu:5:
      /home/nas_main/kinamkim/.venvs/groot/lib/python3.10/site-packages/nvidia/cu13/include/cuda_fp16.h:4492:10: fatal error: nv/target: No such file or directory
       4492 | #include <nv/target>
            |          ^~~~~~~~~~~
      compilation terminated.
      In file included from /home/nas_main/kinamkim/.venvs/groot/lib/python3.10/site-packages/nvidia/cu13/include/cuda_bf16.h:133,
                       from /home/nas_main/kinamkim/.venvs/groot/lib/python3.10/site-packages/torch/include/torch/headeronly/util/BFloat16.h:16,
                       from /home/nas_main/kinamkim/.venvs/groot/lib/python3.10/site-packages/torch/include/c10/util/BFloat16.h:1,
                       from /home/nas_main/kinamkim/.venvs/groot/lib/python3.10/site-packages/torch/include/c10/core/ScalarType.h:3,
                       from /home/nas_main/kinamkim/.venvs/groot/lib/python3.10/site-packages/torch/include/c10/core/TensorImpl.h:11,
                       from /home/nas_main/kinamkim/.venvs/groot/lib/python3.10/site-packages/torch/include/c10/core/GeneratorImpl.h:8,
                       from /home/nas_main/kinamkim/.venvs/groot/lib/python3.10/site-packages/torch/include/ATen/core/Generator.h:18,
                       from /home/nas_main/kinamkim/.venvs/groot/lib/python3.10/site-packages/torch/include/ATen/CPUGeneratorImpl.h:3,
                       from /home/nas_main/kinamkim/.venvs/groot/lib/python3.10/site-packages/torch/include/ATen/Context.h:4,
                       from /home/nas_main/kinamkim/.venvs/groot/lib/python3.10/site-packages/torch/include/ATen/cuda/CUDAGeneratorImpl.h:3,
                       from /tmp/pip-install-jmof9w0m/flash-attn_192fda6cf68d4b03962573f02a91f403/csrc/flash_attn/src/flash.h:12,
                       from /tmp/pip-install-jmof9w0m/flash-attn_192fda6cf68d4b03962573f02a91f403/csrc/flash_attn/src/flash_bwd_launch_template.h:12,
                       from /tmp/pip-install-jmof9w0m/flash-attn_192fda6cf68d4b03962573f02a91f403/csrc/flash_attn/src/flash_bwd_hdim256_fp16_causal_sm80.cu:5:
      /home/nas_main/kinamkim/.venvs/groot/lib/python3.10/site-packages/nvidia/cu13/include/cuda_fp16.h:4492:10: fatal error: nv/target: No such file or directory
       4492 | #include <nv/target>
            |          ^~~~~~~~~~~
      compilation terminated.
      In file included from /home/nas_main/kinamkim/.venvs/groot/lib/python3.10/site-packages/nvidia/cu13/include/cuda_bf16.h:133,
                       from /home/nas_main/kinamkim/.venvs/groot/lib/python3.10/site-packages/torch/include/torch/headeronly/util/BFloat16.h:16,
                       from /home/nas_main/kinamkim/.venvs/groot/lib/python3.10/site-packages/torch/include/c10/util/BFloat16.h:1,
                       from /home/nas_main/kinamkim/.venvs/groot/lib/python3.10/site-packages/torch/include/c10/core/ScalarType.h:3,
                       from /home/nas_main/kinamkim/.venvs/groot/lib/python3.10/site-packages/torch/include/c10/core/TensorImpl.h:11,
                       from /home/nas_main/kinamkim/.venvs/groot/lib/python3.10/site-packages/torch/include/c10/core/GeneratorImpl.h:8,
                       from /home/nas_main/kinamkim/.venvs/groot/lib/python3.10/site-packages/torch/include/ATen/core/Generator.h:18,
                       from /home/nas_main/kinamkim/.venvs/groot/lib/python3.10/site-packages/torch/include/ATen/CPUGeneratorImpl.h:3,
                       from /home/nas_main/kinamkim/.venvs/groot/lib/python3.10/site-packages/torch/include/ATen/Context.h:4,
                       from /home/nas_main/kinamkim/.venvs/groot/lib/python3.10/site-packages/torch/include/ATen/cuda/CUDAGeneratorImpl.h:3,
                       from /tmp/pip-install-jmof9w0m/flash-attn_192fda6cf68d4b03962573f02a91f403/csrc/flash_attn/src/flash.h:12,
                       from /tmp/pip-install-jmof9w0m/flash-attn_192fda6cf68d4b03962573f02a91f403/csrc/flash_attn/src/flash_bwd_launch_template.h:12,
                       from /tmp/pip-install-jmof9w0m/flash-attn_192fda6cf68d4b03962573f02a91f403/csrc/flash_attn/src/flash_bwd_hdim256_fp16_causal_sm80.cu:5:
      /home/nas_main/kinamkim/.venvs/groot/lib/python3.10/site-packages/nvidia/cu13/include/cuda_fp16.h:4492:10: fatal error: nv/target: No such file or directory
       4492 | #include <nv/target>
            |          ^~~~~~~~~~~
      compilation terminated.
      fatal   : Could not open input file /tmp/tmpxft_003004a2_00000000-10_flash_bwd_hdim256_fp16_causal_sm80.compute_80.cpp1.ii
      [8/73] /home/nas_main/kinamkim/.venvs/groot/lib/python3.10/site-packages/nvidia/cu13/bin/nvcc --generate-dependencies-with-compile --dependency-output /tmp/pip-install-jmof9w0m/flash-attn_192fda6cf68d4b03962573f02a91f403/build/temp.linux-x86_64-cpython-310/csrc/flash_attn/src/flash_bwd_hdim192_fp16_sm80.o.d -I/tmp/pip-install-jmof9w0m/flash-attn_192fda6cf68d4b03962573f02a91f403/csrc/flash_attn -I/tmp/pip-install-jmof9w0m/flash-attn_192fda6cf68d4b03962573f02a91f403/csrc/flash_attn/src -I/tmp/pip-install-jmof9w0m/flash-attn_192fda6cf68d4b03962573f02a91f403/csrc/cutlass/include -I/home/nas_main/kinamkim/.venvs/groot/lib/python3.10/site-packages/torch/include -I/home/nas_main/kinamkim/.venvs/groot/lib/python3.10/site-packages/torch/include/torch/csrc/api/include -I/home/nas_main/kinamkim/.venvs/groot/lib/python3.10/site-packages/nvidia/cu13/include -I/home/nas_main/kinamkim/.venvs/groot/include -I/home/nas_main/kinamkim/.local/share/uv/python/cpython-3.10.18-linux-x86_64-gnu/include/python3.10 -c -c /tmp/pip-install-jmof9w0m/flash-attn_192fda6cf68d4b03962573f02a91f403/csrc/flash_attn/src/flash_bwd_hdim192_fp16_sm80.cu -o /tmp/pip-install-jmof9w0m/flash-attn_192fda6cf68d4b03962573f02a91f403/build/temp.linux-x86_64-cpython-310/csrc/flash_attn/src/flash_bwd_hdim192_fp16_sm80.o -D__CUDA_NO_HALF_OPERATORS__ -D__CUDA_NO_HALF_CONVERSIONS__ -D__CUDA_NO_BFLOAT16_CONVERSIONS__ -D__CUDA_NO_HALF2_OPERATORS__ --expt-relaxed-constexpr --compiler-options ''"'"'-fPIC'"'"'' -O3 -std=c++17 -U__CUDA_NO_HALF_OPERATORS__ -U__CUDA_NO_HALF_CONVERSIONS__ -U__CUDA_NO_HALF2_OPERATORS__ -U__CUDA_NO_BFLOAT16_CONVERSIONS__ --expt-relaxed-constexpr --expt-extended-lambda --use_fast_math -gencode arch=compute_80,code=sm_80 -gencode arch=compute_90,code=sm_90 -gencode arch=compute_100,code=sm_100 -gencode arch=compute_120,code=sm_120 --threads 4 -DTORCH_API_INCLUDE_EXTENSION_H -DTORCH_EXTENSION_NAME=flash_attn_2_cuda -ccbin /home/nas_main/kinamkim/miniconda3/bin/gcc
      FAILED: [code=1] /tmp/pip-install-jmof9w0m/flash-attn_192fda6cf68d4b03962573f02a91f403/build/temp.linux-x86_64-cpython-310/csrc/flash_attn/src/flash_bwd_hdim192_fp16_sm80.o
      /home/nas_main/kinamkim/.venvs/groot/lib/python3.10/site-packages/nvidia/cu13/bin/nvcc --generate-dependencies-with-compile --dependency-output /tmp/pip-install-jmof9w0m/flash-attn_192fda6cf68d4b03962573f02a91f403/build/temp.linux-x86_64-cpython-310/csrc/flash_attn/src/flash_bwd_hdim192_fp16_sm80.o.d -I/tmp/pip-install-jmof9w0m/flash-attn_192fda6cf68d4b03962573f02a91f403/csrc/flash_attn -I/tmp/pip-install-jmof9w0m/flash-attn_192fda6cf68d4b03962573f02a91f403/csrc/flash_attn/src -I/tmp/pip-install-jmof9w0m/flash-attn_192fda6cf68d4b03962573f02a91f403/csrc/cutlass/include -I/home/nas_main/kinamkim/.venvs/groot/lib/python3.10/site-packages/torch/include -I/home/nas_main/kinamkim/.venvs/groot/lib/python3.10/site-packages/torch/include/torch/csrc/api/include -I/home/nas_main/kinamkim/.venvs/groot/lib/python3.10/site-packages/nvidia/cu13/include -I/home/nas_main/kinamkim/.venvs/groot/include -I/home/nas_main/kinamkim/.local/share/uv/python/cpython-3.10.18-linux-x86_64-gnu/include/python3.10 -c -c /tmp/pip-install-jmof9w0m/flash-attn_192fda6cf68d4b03962573f02a91f403/csrc/flash_attn/src/flash_bwd_hdim192_fp16_sm80.cu -o /tmp/pip-install-jmof9w0m/flash-attn_192fda6cf68d4b03962573f02a91f403/build/temp.linux-x86_64-cpython-310/csrc/flash_attn/src/flash_bwd_hdim192_fp16_sm80.o -D__CUDA_NO_HALF_OPERATORS__ -D__CUDA_NO_HALF_CONVERSIONS__ -D__CUDA_NO_BFLOAT16_CONVERSIONS__ -D__CUDA_NO_HALF2_OPERATORS__ --expt-relaxed-constexpr --compiler-options ''"'"'-fPIC'"'"'' -O3 -std=c++17 -U__CUDA_NO_HALF_OPERATORS__ -U__CUDA_NO_HALF_CONVERSIONS__ -U__CUDA_NO_HALF2_OPERATORS__ -U__CUDA_NO_BFLOAT16_CONVERSIONS__ --expt-relaxed-constexpr --expt-extended-lambda --use_fast_math -gencode arch=compute_80,code=sm_80 -gencode arch=compute_90,code=sm_90 -gencode arch=compute_100,code=sm_100 -gencode arch=compute_120,code=sm_120 --threads 4 -DTORCH_API_INCLUDE_EXTENSION_H -DTORCH_EXTENSION_NAME=flash_attn_2_cuda -ccbin /home/nas_main/kinamkim/miniconda3/bin/gcc
      In file included from /home/nas_main/kinamkim/.venvs/groot/lib/python3.10/site-packages/nvidia/cu13/include/cuda_bf16.h:133,
                       from /home/nas_main/kinamkim/.venvs/groot/lib/python3.10/site-packages/torch/include/torch/headeronly/util/BFloat16.h:16,
                       from /home/nas_main/kinamkim/.venvs/groot/lib/python3.10/site-packages/torch/include/c10/util/BFloat16.h:1,
                       from /home/nas_main/kinamkim/.venvs/groot/lib/python3.10/site-packages/torch/include/c10/core/ScalarType.h:3,
                       from /home/nas_main/kinamkim/.venvs/groot/lib/python3.10/site-packages/torch/include/c10/core/TensorImpl.h:11,
                       from /home/nas_main/kinamkim/.venvs/groot/lib/python3.10/site-packages/torch/include/c10/core/GeneratorImpl.h:8,
                       from /home/nas_main/kinamkim/.venvs/groot/lib/python3.10/site-packages/torch/include/ATen/core/Generator.h:18,
                       from /home/nas_main/kinamkim/.venvs/groot/lib/python3.10/site-packages/torch/include/ATen/CPUGeneratorImpl.h:3,
                       from /home/nas_main/kinamkim/.venvs/groot/lib/python3.10/site-packages/torch/include/ATen/Context.h:4,
                       from /home/nas_main/kinamkim/.venvs/groot/lib/python3.10/site-packages/torch/include/ATen/cuda/CUDAGeneratorImpl.h:3,
                       from /tmp/pip-install-jmof9w0m/flash-attn_192fda6cf68d4b03962573f02a91f403/csrc/flash_attn/src/flash.h:12,
                       from /tmp/pip-install-jmof9w0m/flash-attn_192fda6cf68d4b03962573f02a91f403/csrc/flash_attn/src/flash_bwd_launch_template.h:12,
                       from /tmp/pip-install-jmof9w0m/flash-attn_192fda6cf68d4b03962573f02a91f403/csrc/flash_attn/src/flash_bwd_hdim192_fp16_sm80.cu:5:
      /home/nas_main/kinamkim/.venvs/groot/lib/python3.10/site-packages/nvidia/cu13/include/cuda_fp16.h:4492:10: fatal error: nv/target: No such file or directory
       4492 | #include <nv/target>
            |          ^~~~~~~~~~~
      compilation terminated.
      In file included from /home/nas_main/kinamkim/.venvs/groot/lib/python3.10/site-packages/nvidia/cu13/include/cuda_bf16.h:133,
                       from /home/nas_main/kinamkim/.venvs/groot/lib/python3.10/site-packages/torch/include/torch/headeronly/util/BFloat16.h:16,
                       from /home/nas_main/kinamkim/.venvs/groot/lib/python3.10/site-packages/torch/include/c10/util/BFloat16.h:1,
                       from /home/nas_main/kinamkim/.venvs/groot/lib/python3.10/site-packages/torch/include/c10/core/ScalarType.h:3,
                       from /home/nas_main/kinamkim/.venvs/groot/lib/python3.10/site-packages/torch/include/c10/core/TensorImpl.h:11,
                       from /home/nas_main/kinamkim/.venvs/groot/lib/python3.10/site-packages/torch/include/c10/core/GeneratorImpl.h:8,
                       from /home/nas_main/kinamkim/.venvs/groot/lib/python3.10/site-packages/torch/include/ATen/core/Generator.h:18,
                       from /home/nas_main/kinamkim/.venvs/groot/lib/python3.10/site-packages/torch/include/ATen/CPUGeneratorImpl.h:3,
                       from /home/nas_main/kinamkim/.venvs/groot/lib/python3.10/site-packages/torch/include/ATen/Context.h:4,
                       from /home/nas_main/kinamkim/.venvs/groot/lib/python3.10/site-packages/torch/include/ATen/cuda/CUDAGeneratorImpl.h:3,
                       from /tmp/pip-install-jmof9w0m/flash-attn_192fda6cf68d4b03962573f02a91f403/csrc/flash_attn/src/flash.h:12,
                       from /tmp/pip-install-jmof9w0m/flash-attn_192fda6cf68d4b03962573f02a91f403/csrc/flash_attn/src/flash_bwd_launch_template.h:12,
                       from /tmp/pip-install-jmof9w0m/flash-attn_192fda6cf68d4b03962573f02a91f403/csrc/flash_attn/src/flash_bwd_hdim192_fp16_sm80.cu:5:
      /home/nas_main/kinamkim/.venvs/groot/lib/python3.10/site-packages/nvidia/cu13/include/cuda_fp16.h:4492:10: fatal error: nv/target: No such file or directory
       4492 | #include <nv/target>
            |          ^~~~~~~~~~~
      compilation terminated.
      In file included from /home/nas_main/kinamkim/.venvs/groot/lib/python3.10/site-packages/nvidia/cu13/include/cuda_bf16.h:133,
                       from /home/nas_main/kinamkim/.venvs/groot/lib/python3.10/site-packages/torch/include/torch/headeronly/util/BFloat16.h:16,
                       from /home/nas_main/kinamkim/.venvs/groot/lib/python3.10/site-packages/torch/include/c10/util/BFloat16.h:1,
                       from /home/nas_main/kinamkim/.venvs/groot/lib/python3.10/site-packages/torch/include/c10/core/ScalarType.h:3,
                       from /home/nas_main/kinamkim/.venvs/groot/lib/python3.10/site-packages/torch/include/c10/core/TensorImpl.h:11,
                       from /home/nas_main/kinamkim/.venvs/groot/lib/python3.10/site-packages/torch/include/c10/core/GeneratorImpl.h:8,
                       from /home/nas_main/kinamkim/.venvs/groot/lib/python3.10/site-packages/torch/include/ATen/core/Generator.h:18,
                       from /home/nas_main/kinamkim/.venvs/groot/lib/python3.10/site-packages/torch/include/ATen/CPUGeneratorImpl.h:3,
                       from /home/nas_main/kinamkim/.venvs/groot/lib/python3.10/site-packages/torch/include/ATen/Context.h:4,
                       from /home/nas_main/kinamkim/.venvs/groot/lib/python3.10/site-packages/torch/include/ATen/cuda/CUDAGeneratorImpl.h:3,
                       from /tmp/pip-install-jmof9w0m/flash-attn_192fda6cf68d4b03962573f02a91f403/csrc/flash_attn/src/flash.h:12,
                       from /tmp/pip-install-jmof9w0m/flash-attn_192fda6cf68d4b03962573f02a91f403/csrc/flash_attn/src/flash_bwd_launch_template.h:12,
                       from /tmp/pip-install-jmof9w0m/flash-attn_192fda6cf68d4b03962573f02a91f403/csrc/flash_attn/src/flash_bwd_hdim192_fp16_sm80.cu:5:
      /home/nas_main/kinamkim/.venvs/groot/lib/python3.10/site-packages/nvidia/cu13/include/cuda_fp16.h:4492:10: fatal error: nv/target: No such file or directory
       4492 | #include <nv/target>
            |          ^~~~~~~~~~~
      compilation terminated.
      In file included from /home/nas_main/kinamkim/.venvs/groot/lib/python3.10/site-packages/nvidia/cu13/include/cuda_bf16.h:133,
                       from /home/nas_main/kinamkim/.venvs/groot/lib/python3.10/site-packages/torch/include/torch/headeronly/util/BFloat16.h:16,
                       from /home/nas_main/kinamkim/.venvs/groot/lib/python3.10/site-packages/torch/include/c10/util/BFloat16.h:1,
                       from /home/nas_main/kinamkim/.venvs/groot/lib/python3.10/site-packages/torch/include/c10/core/ScalarType.h:3,
                       from /home/nas_main/kinamkim/.venvs/groot/lib/python3.10/site-packages/torch/include/c10/core/TensorImpl.h:11,
                       from /home/nas_main/kinamkim/.venvs/groot/lib/python3.10/site-packages/torch/include/c10/core/GeneratorImpl.h:8,
                       from /home/nas_main/kinamkim/.venvs/groot/lib/python3.10/site-packages/torch/include/ATen/core/Generator.h:18,
                       from /home/nas_main/kinamkim/.venvs/groot/lib/python3.10/site-packages/torch/include/ATen/CPUGeneratorImpl.h:3,
                       from /home/nas_main/kinamkim/.venvs/groot/lib/python3.10/site-packages/torch/include/ATen/Context.h:4,
                       from /home/nas_main/kinamkim/.venvs/groot/lib/python3.10/site-packages/torch/include/ATen/cuda/CUDAGeneratorImpl.h:3,
                       from /tmp/pip-install-jmof9w0m/flash-attn_192fda6cf68d4b03962573f02a91f403/csrc/flash_attn/src/flash.h:12,
                       from /tmp/pip-install-jmof9w0m/flash-attn_192fda6cf68d4b03962573f02a91f403/csrc/flash_attn/src/flash_bwd_launch_template.h:12,
                       from /tmp/pip-install-jmof9w0m/flash-attn_192fda6cf68d4b03962573f02a91f403/csrc/flash_attn/src/flash_bwd_hdim192_fp16_sm80.cu:5:
      /home/nas_main/kinamkim/.venvs/groot/lib/python3.10/site-packages/nvidia/cu13/include/cuda_fp16.h:4492:10: fatal error: nv/target: No such file or directory
       4492 | #include <nv/target>
            |          ^~~~~~~~~~~
      compilation terminated.
      fatal   : Could not open input file /tmp/tmpxft_003004a3_00000000-10_flash_bwd_hdim192_fp16_sm80.compute_80.cpp1.ii
      [9/73] /home/nas_main/kinamkim/.venvs/groot/lib/python3.10/site-packages/nvidia/cu13/bin/nvcc --generate-dependencies-with-compile --dependency-output /tmp/pip-install-jmof9w0m/flash-attn_192fda6cf68d4b03962573f02a91f403/build/temp.linux-x86_64-cpython-310/csrc/flash_attn/src/flash_bwd_hdim192_bf16_causal_sm80.o.d -I/tmp/pip-install-jmof9w0m/flash-attn_192fda6cf68d4b03962573f02a91f403/csrc/flash_attn -I/tmp/pip-install-jmof9w0m/flash-attn_192fda6cf68d4b03962573f02a91f403/csrc/flash_attn/src -I/tmp/pip-install-jmof9w0m/flash-attn_192fda6cf68d4b03962573f02a91f403/csrc/cutlass/include -I/home/nas_main/kinamkim/.venvs/groot/lib/python3.10/site-packages/torch/include -I/home/nas_main/kinamkim/.venvs/groot/lib/python3.10/site-packages/torch/include/torch/csrc/api/include -I/home/nas_main/kinamkim/.venvs/groot/lib/python3.10/site-packages/nvidia/cu13/include -I/home/nas_main/kinamkim/.venvs/groot/include -I/home/nas_main/kinamkim/.local/share/uv/python/cpython-3.10.18-linux-x86_64-gnu/include/python3.10 -c -c /tmp/pip-install-jmof9w0m/flash-attn_192fda6cf68d4b03962573f02a91f403/csrc/flash_attn/src/flash_bwd_hdim192_bf16_causal_sm80.cu -o /tmp/pip-install-jmof9w0m/flash-attn_192fda6cf68d4b03962573f02a91f403/build/temp.linux-x86_64-cpython-310/csrc/flash_attn/src/flash_bwd_hdim192_bf16_causal_sm80.o -D__CUDA_NO_HALF_OPERATORS__ -D__CUDA_NO_HALF_CONVERSIONS__ -D__CUDA_NO_BFLOAT16_CONVERSIONS__ -D__CUDA_NO_HALF2_OPERATORS__ --expt-relaxed-constexpr --compiler-options ''"'"'-fPIC'"'"'' -O3 -std=c++17 -U__CUDA_NO_HALF_OPERATORS__ -U__CUDA_NO_HALF_CONVERSIONS__ -U__CUDA_NO_HALF2_OPERATORS__ -U__CUDA_NO_BFLOAT16_CONVERSIONS__ --expt-relaxed-constexpr --expt-extended-lambda --use_fast_math -gencode arch=compute_80,code=sm_80 -gencode arch=compute_90,code=sm_90 -gencode arch=compute_100,code=sm_100 -gencode arch=compute_120,code=sm_120 --threads 4 -DTORCH_API_INCLUDE_EXTENSION_H -DTORCH_EXTENSION_NAME=flash_attn_2_cuda -ccbin /home/nas_main/kinamkim/miniconda3/bin/gcc
      FAILED: [code=1] /tmp/pip-install-jmof9w0m/flash-attn_192fda6cf68d4b03962573f02a91f403/build/temp.linux-x86_64-cpython-310/csrc/flash_attn/src/flash_bwd_hdim192_bf16_causal_sm80.o
      /home/nas_main/kinamkim/.venvs/groot/lib/python3.10/site-packages/nvidia/cu13/bin/nvcc --generate-dependencies-with-compile --dependency-output /tmp/pip-install-jmof9w0m/flash-attn_192fda6cf68d4b03962573f02a91f403/build/temp.linux-x86_64-cpython-310/csrc/flash_attn/src/flash_bwd_hdim192_bf16_causal_sm80.o.d -I/tmp/pip-install-jmof9w0m/flash-attn_192fda6cf68d4b03962573f02a91f403/csrc/flash_attn -I/tmp/pip-install-jmof9w0m/flash-attn_192fda6cf68d4b03962573f02a91f403/csrc/flash_attn/src -I/tmp/pip-install-jmof9w0m/flash-attn_192fda6cf68d4b03962573f02a91f403/csrc/cutlass/include -I/home/nas_main/kinamkim/.venvs/groot/lib/python3.10/site-packages/torch/include -I/home/nas_main/kinamkim/.venvs/groot/lib/python3.10/site-packages/torch/include/torch/csrc/api/include -I/home/nas_main/kinamkim/.venvs/groot/lib/python3.10/site-packages/nvidia/cu13/include -I/home/nas_main/kinamkim/.venvs/groot/include -I/home/nas_main/kinamkim/.local/share/uv/python/cpython-3.10.18-linux-x86_64-gnu/include/python3.10 -c -c /tmp/pip-install-jmof9w0m/flash-attn_192fda6cf68d4b03962573f02a91f403/csrc/flash_attn/src/flash_bwd_hdim192_bf16_causal_sm80.cu -o /tmp/pip-install-jmof9w0m/flash-attn_192fda6cf68d4b03962573f02a91f403/build/temp.linux-x86_64-cpython-310/csrc/flash_attn/src/flash_bwd_hdim192_bf16_causal_sm80.o -D__CUDA_NO_HALF_OPERATORS__ -D__CUDA_NO_HALF_CONVERSIONS__ -D__CUDA_NO_BFLOAT16_CONVERSIONS__ -D__CUDA_NO_HALF2_OPERATORS__ --expt-relaxed-constexpr --compiler-options ''"'"'-fPIC'"'"'' -O3 -std=c++17 -U__CUDA_NO_HALF_OPERATORS__ -U__CUDA_NO_HALF_CONVERSIONS__ -U__CUDA_NO_HALF2_OPERATORS__ -U__CUDA_NO_BFLOAT16_CONVERSIONS__ --expt-relaxed-constexpr --expt-extended-lambda --use_fast_math -gencode arch=compute_80,code=sm_80 -gencode arch=compute_90,code=sm_90 -gencode arch=compute_100,code=sm_100 -gencode arch=compute_120,code=sm_120 --threads 4 -DTORCH_API_INCLUDE_EXTENSION_H -DTORCH_EXTENSION_NAME=flash_attn_2_cuda -ccbin /home/nas_main/kinamkim/miniconda3/bin/gcc
      In file included from /home/nas_main/kinamkim/.venvs/groot/lib/python3.10/site-packages/nvidia/cu13/include/cuda_bf16.h:133,
                       from /home/nas_main/kinamkim/.venvs/groot/lib/python3.10/site-packages/torch/include/torch/headeronly/util/BFloat16.h:16,
                       from /home/nas_main/kinamkim/.venvs/groot/lib/python3.10/site-packages/torch/include/c10/util/BFloat16.h:1,
                       from /home/nas_main/kinamkim/.venvs/groot/lib/python3.10/site-packages/torch/include/c10/core/ScalarType.h:3,
                       from /home/nas_main/kinamkim/.venvs/groot/lib/python3.10/site-packages/torch/include/c10/core/TensorImpl.h:11,
                       from /home/nas_main/kinamkim/.venvs/groot/lib/python3.10/site-packages/torch/include/c10/core/GeneratorImpl.h:8,
                       from /home/nas_main/kinamkim/.venvs/groot/lib/python3.10/site-packages/torch/include/ATen/core/Generator.h:18,
                       from /home/nas_main/kinamkim/.venvs/groot/lib/python3.10/site-packages/torch/include/ATen/CPUGeneratorImpl.h:3,
                       from /home/nas_main/kinamkim/.venvs/groot/lib/python3.10/site-packages/torch/include/ATen/Context.h:4,
                       from /home/nas_main/kinamkim/.venvs/groot/lib/python3.10/site-packages/torch/include/ATen/cuda/CUDAGeneratorImpl.h:3,
                       from /tmp/pip-install-jmof9w0m/flash-attn_192fda6cf68d4b03962573f02a91f403/csrc/flash_attn/src/flash.h:12,
                       from /tmp/pip-install-jmof9w0m/flash-attn_192fda6cf68d4b03962573f02a91f403/csrc/flash_attn/src/flash_bwd_launch_template.h:12,
                       from /tmp/pip-install-jmof9w0m/flash-attn_192fda6cf68d4b03962573f02a91f403/csrc/flash_attn/src/flash_bwd_hdim192_bf16_causal_sm80.cu:5:
      /home/nas_main/kinamkim/.venvs/groot/lib/python3.10/site-packages/nvidia/cu13/include/cuda_fp16.h:4492:10: fatal error: nv/target: No such file or directory
       4492 | #include <nv/target>
            |          ^~~~~~~~~~~
      compilation terminated.
      In file included from /home/nas_main/kinamkim/.venvs/groot/lib/python3.10/site-packages/nvidia/cu13/include/cuda_bf16.h:133,
                       from /home/nas_main/kinamkim/.venvs/groot/lib/python3.10/site-packages/torch/include/torch/headeronly/util/BFloat16.h:16,
                       from /home/nas_main/kinamkim/.venvs/groot/lib/python3.10/site-packages/torch/include/c10/util/BFloat16.h:1,
                       from /home/nas_main/kinamkim/.venvs/groot/lib/python3.10/site-packages/torch/include/c10/core/ScalarType.h:3,
                       from /home/nas_main/kinamkim/.venvs/groot/lib/python3.10/site-packages/torch/include/c10/core/TensorImpl.h:11,
                       from /home/nas_main/kinamkim/.venvs/groot/lib/python3.10/site-packages/torch/include/c10/core/GeneratorImpl.h:8,
                       from /home/nas_main/kinamkim/.venvs/groot/lib/python3.10/site-packages/torch/include/ATen/core/Generator.h:18,
                       from /home/nas_main/kinamkim/.venvs/groot/lib/python3.10/site-packages/torch/include/ATen/CPUGeneratorImpl.h:3,
                       from /home/nas_main/kinamkim/.venvs/groot/lib/python3.10/site-packages/torch/include/ATen/Context.h:4,
                       from /home/nas_main/kinamkim/.venvs/groot/lib/python3.10/site-packages/torch/include/ATen/cuda/CUDAGeneratorImpl.h:3,
                       from /tmp/pip-install-jmof9w0m/flash-attn_192fda6cf68d4b03962573f02a91f403/csrc/flash_attn/src/flash.h:12,
                       from /tmp/pip-install-jmof9w0m/flash-attn_192fda6cf68d4b03962573f02a91f403/csrc/flash_attn/src/flash_bwd_launch_template.h:12,
                       from /tmp/pip-install-jmof9w0m/flash-attn_192fda6cf68d4b03962573f02a91f403/csrc/flash_attn/src/flash_bwd_hdim192_bf16_causal_sm80.cu:5:
      /home/nas_main/kinamkim/.venvs/groot/lib/python3.10/site-packages/nvidia/cu13/include/cuda_fp16.h:4492:10: fatal error: nv/target: No such file or directory
       4492 | #include <nv/target>
            |          ^~~~~~~~~~~
      compilation terminated.
      In file included from /home/nas_main/kinamkim/.venvs/groot/lib/python3.10/site-packages/nvidia/cu13/include/cuda_bf16.h:133,
                       from /home/nas_main/kinamkim/.venvs/groot/lib/python3.10/site-packages/torch/include/torch/headeronly/util/BFloat16.h:16,
                       from /home/nas_main/kinamkim/.venvs/groot/lib/python3.10/site-packages/torch/include/c10/util/BFloat16.h:1,
                       from /home/nas_main/kinamkim/.venvs/groot/lib/python3.10/site-packages/torch/include/c10/core/ScalarType.h:3,
                       from /home/nas_main/kinamkim/.venvs/groot/lib/python3.10/site-packages/torch/include/c10/core/TensorImpl.h:11,
                       from /home/nas_main/kinamkim/.venvs/groot/lib/python3.10/site-packages/torch/include/c10/core/GeneratorImpl.h:8,
                       from /home/nas_main/kinamkim/.venvs/groot/lib/python3.10/site-packages/torch/include/ATen/core/Generator.h:18,
                       from /home/nas_main/kinamkim/.venvs/groot/lib/python3.10/site-packages/torch/include/ATen/CPUGeneratorImpl.h:3,
                       from /home/nas_main/kinamkim/.venvs/groot/lib/python3.10/site-packages/torch/include/ATen/Context.h:4,
                       from /home/nas_main/kinamkim/.venvs/groot/lib/python3.10/site-packages/torch/include/ATen/cuda/CUDAGeneratorImpl.h:3,
                       from /tmp/pip-install-jmof9w0m/flash-attn_192fda6cf68d4b03962573f02a91f403/csrc/flash_attn/src/flash.h:12,
                       from /tmp/pip-install-jmof9w0m/flash-attn_192fda6cf68d4b03962573f02a91f403/csrc/flash_attn/src/flash_bwd_launch_template.h:12,
                       from /tmp/pip-install-jmof9w0m/flash-attn_192fda6cf68d4b03962573f02a91f403/csrc/flash_attn/src/flash_bwd_hdim192_bf16_causal_sm80.cu:5:
      /home/nas_main/kinamkim/.venvs/groot/lib/python3.10/site-packages/nvidia/cu13/include/cuda_fp16.h:4492:10: fatal error: nv/target: No such file or directory
       4492 | #include <nv/target>
            |          ^~~~~~~~~~~
      compilation terminated.
      In file included from /home/nas_main/kinamkim/.venvs/groot/lib/python3.10/site-packages/nvidia/cu13/include/cuda_bf16.h:133,
                       from /home/nas_main/kinamkim/.venvs/groot/lib/python3.10/site-packages/torch/include/torch/headeronly/util/BFloat16.h:16,
                       from /home/nas_main/kinamkim/.venvs/groot/lib/python3.10/site-packages/torch/include/c10/util/BFloat16.h:1,
                       from /home/nas_main/kinamkim/.venvs/groot/lib/python3.10/site-packages/torch/include/c10/core/ScalarType.h:3,
                       from /home/nas_main/kinamkim/.venvs/groot/lib/python3.10/site-packages/torch/include/c10/core/TensorImpl.h:11,
                       from /home/nas_main/kinamkim/.venvs/groot/lib/python3.10/site-packages/torch/include/c10/core/GeneratorImpl.h:8,
                       from /home/nas_main/kinamkim/.venvs/groot/lib/python3.10/site-packages/torch/include/ATen/core/Generator.h:18,
                       from /home/nas_main/kinamkim/.venvs/groot/lib/python3.10/site-packages/torch/include/ATen/CPUGeneratorImpl.h:3,
                       from /home/nas_main/kinamkim/.venvs/groot/lib/python3.10/site-packages/torch/include/ATen/Context.h:4,
                       from /home/nas_main/kinamkim/.venvs/groot/lib/python3.10/site-packages/torch/include/ATen/cuda/CUDAGeneratorImpl.h:3,
                       from /tmp/pip-install-jmof9w0m/flash-attn_192fda6cf68d4b03962573f02a91f403/csrc/flash_attn/src/flash.h:12,
                       from /tmp/pip-install-jmof9w0m/flash-attn_192fda6cf68d4b03962573f02a91f403/csrc/flash_attn/src/flash_bwd_launch_template.h:12,
                       from /tmp/pip-install-jmof9w0m/flash-attn_192fda6cf68d4b03962573f02a91f403/csrc/flash_attn/src/flash_bwd_hdim192_bf16_causal_sm80.cu:5:
      /home/nas_main/kinamkim/.venvs/groot/lib/python3.10/site-packages/nvidia/cu13/include/cuda_fp16.h:4492:10: fatal error: nv/target: No such file or directory
       4492 | #include <nv/target>
            |          ^~~~~~~~~~~
      compilation terminated.
      fatal   : Could not open input file /tmp/tmpxft_003004a0_00000000-10_flash_bwd_hdim192_bf16_causal_sm80.compute_80.cpp1.ii
      [10/73] /home/nas_main/kinamkim/.venvs/groot/lib/python3.10/site-packages/nvidia/cu13/bin/nvcc --generate-dependencies-with-compile --dependency-output /tmp/pip-install-jmof9w0m/flash-attn_192fda6cf68d4b03962573f02a91f403/build/temp.linux-x86_64-cpython-310/csrc/flash_attn/src/flash_bwd_hdim128_bf16_sm80.o.d -I/tmp/pip-install-jmof9w0m/flash-attn_192fda6cf68d4b03962573f02a91f403/csrc/flash_attn -I/tmp/pip-install-jmof9w0m/flash-attn_192fda6cf68d4b03962573f02a91f403/csrc/flash_attn/src -I/tmp/pip-install-jmof9w0m/flash-attn_192fda6cf68d4b03962573f02a91f403/csrc/cutlass/include -I/home/nas_main/kinamkim/.venvs/groot/lib/python3.10/site-packages/torch/include -I/home/nas_main/kinamkim/.venvs/groot/lib/python3.10/site-packages/torch/include/torch/csrc/api/include -I/home/nas_main/kinamkim/.venvs/groot/lib/python3.10/site-packages/nvidia/cu13/include -I/home/nas_main/kinamkim/.venvs/groot/include -I/home/nas_main/kinamkim/.local/share/uv/python/cpython-3.10.18-linux-x86_64-gnu/include/python3.10 -c -c /tmp/pip-install-jmof9w0m/flash-attn_192fda6cf68d4b03962573f02a91f403/csrc/flash_attn/src/flash_bwd_hdim128_bf16_sm80.cu -o /tmp/pip-install-jmof9w0m/flash-attn_192fda6cf68d4b03962573f02a91f403/build/temp.linux-x86_64-cpython-310/csrc/flash_attn/src/flash_bwd_hdim128_bf16_sm80.o -D__CUDA_NO_HALF_OPERATORS__ -D__CUDA_NO_HALF_CONVERSIONS__ -D__CUDA_NO_BFLOAT16_CONVERSIONS__ -D__CUDA_NO_HALF2_OPERATORS__ --expt-relaxed-constexpr --compiler-options ''"'"'-fPIC'"'"'' -O3 -std=c++17 -U__CUDA_NO_HALF_OPERATORS__ -U__CUDA_NO_HALF_CONVERSIONS__ -U__CUDA_NO_HALF2_OPERATORS__ -U__CUDA_NO_BFLOAT16_CONVERSIONS__ --expt-relaxed-constexpr --expt-extended-lambda --use_fast_math -gencode arch=compute_80,code=sm_80 -gencode arch=compute_90,code=sm_90 -gencode arch=compute_100,code=sm_100 -gencode arch=compute_120,code=sm_120 --threads 4 -DTORCH_API_INCLUDE_EXTENSION_H -DTORCH_EXTENSION_NAME=flash_attn_2_cuda -ccbin /home/nas_main/kinamkim/miniconda3/bin/gcc
      FAILED: [code=1] /tmp/pip-install-jmof9w0m/flash-attn_192fda6cf68d4b03962573f02a91f403/build/temp.linux-x86_64-cpython-310/csrc/flash_attn/src/flash_bwd_hdim128_bf16_sm80.o
      /home/nas_main/kinamkim/.venvs/groot/lib/python3.10/site-packages/nvidia/cu13/bin/nvcc --generate-dependencies-with-compile --dependency-output /tmp/pip-install-jmof9w0m/flash-attn_192fda6cf68d4b03962573f02a91f403/build/temp.linux-x86_64-cpython-310/csrc/flash_attn/src/flash_bwd_hdim128_bf16_sm80.o.d -I/tmp/pip-install-jmof9w0m/flash-attn_192fda6cf68d4b03962573f02a91f403/csrc/flash_attn -I/tmp/pip-install-jmof9w0m/flash-attn_192fda6cf68d4b03962573f02a91f403/csrc/flash_attn/src -I/tmp/pip-install-jmof9w0m/flash-attn_192fda6cf68d4b03962573f02a91f403/csrc/cutlass/include -I/home/nas_main/kinamkim/.venvs/groot/lib/python3.10/site-packages/torch/include -I/home/nas_main/kinamkim/.venvs/groot/lib/python3.10/site-packages/torch/include/torch/csrc/api/include -I/home/nas_main/kinamkim/.venvs/groot/lib/python3.10/site-packages/nvidia/cu13/include -I/home/nas_main/kinamkim/.venvs/groot/include -I/home/nas_main/kinamkim/.local/share/uv/python/cpython-3.10.18-linux-x86_64-gnu/include/python3.10 -c -c /tmp/pip-install-jmof9w0m/flash-attn_192fda6cf68d4b03962573f02a91f403/csrc/flash_attn/src/flash_bwd_hdim128_bf16_sm80.cu -o /tmp/pip-install-jmof9w0m/flash-attn_192fda6cf68d4b03962573f02a91f403/build/temp.linux-x86_64-cpython-310/csrc/flash_attn/src/flash_bwd_hdim128_bf16_sm80.o -D__CUDA_NO_HALF_OPERATORS__ -D__CUDA_NO_HALF_CONVERSIONS__ -D__CUDA_NO_BFLOAT16_CONVERSIONS__ -D__CUDA_NO_HALF2_OPERATORS__ --expt-relaxed-constexpr --compiler-options ''"'"'-fPIC'"'"'' -O3 -std=c++17 -U__CUDA_NO_HALF_OPERATORS__ -U__CUDA_NO_HALF_CONVERSIONS__ -U__CUDA_NO_HALF2_OPERATORS__ -U__CUDA_NO_BFLOAT16_CONVERSIONS__ --expt-relaxed-constexpr --expt-extended-lambda --use_fast_math -gencode arch=compute_80,code=sm_80 -gencode arch=compute_90,code=sm_90 -gencode arch=compute_100,code=sm_100 -gencode arch=compute_120,code=sm_120 --threads 4 -DTORCH_API_INCLUDE_EXTENSION_H -DTORCH_EXTENSION_NAME=flash_attn_2_cuda -ccbin /home/nas_main/kinamkim/miniconda3/bin/gcc
      In file included from /home/nas_main/kinamkim/.venvs/groot/lib/python3.10/site-packages/nvidia/cu13/include/cuda_bf16.h:133,
                       from /home/nas_main/kinamkim/.venvs/groot/lib/python3.10/site-packages/torch/include/torch/headeronly/util/BFloat16.h:16,
                       from /home/nas_main/kinamkim/.venvs/groot/lib/python3.10/site-packages/torch/include/c10/util/BFloat16.h:1,
                       from /home/nas_main/kinamkim/.venvs/groot/lib/python3.10/site-packages/torch/include/c10/core/ScalarType.h:3,
                       from /home/nas_main/kinamkim/.venvs/groot/lib/python3.10/site-packages/torch/include/c10/core/TensorImpl.h:11,
                       from /home/nas_main/kinamkim/.venvs/groot/lib/python3.10/site-packages/torch/include/c10/core/GeneratorImpl.h:8,
                       from /home/nas_main/kinamkim/.venvs/groot/lib/python3.10/site-packages/torch/include/ATen/core/Generator.h:18,
                       from /home/nas_main/kinamkim/.venvs/groot/lib/python3.10/site-packages/torch/include/ATen/CPUGeneratorImpl.h:3,
                       from /home/nas_main/kinamkim/.venvs/groot/lib/python3.10/site-packages/torch/include/ATen/Context.h:4,
                       from /home/nas_main/kinamkim/.venvs/groot/lib/python3.10/site-packages/torch/include/ATen/cuda/CUDAGeneratorImpl.h:3,
                       from /tmp/pip-install-jmof9w0m/flash-attn_192fda6cf68d4b03962573f02a91f403/csrc/flash_attn/src/flash.h:12,
                       from /tmp/pip-install-jmof9w0m/flash-attn_192fda6cf68d4b03962573f02a91f403/csrc/flash_attn/src/flash_bwd_launch_template.h:12,
                       from /tmp/pip-install-jmof9w0m/flash-attn_192fda6cf68d4b03962573f02a91f403/csrc/flash_attn/src/flash_bwd_hdim128_bf16_sm80.cu:5:
      /home/nas_main/kinamkim/.venvs/groot/lib/python3.10/site-packages/nvidia/cu13/include/cuda_fp16.h:4492:10: fatal error: nv/target: No such file or directory
       4492 | #include <nv/target>
            |          ^~~~~~~~~~~
      compilation terminated.
      In file included from /home/nas_main/kinamkim/.venvs/groot/lib/python3.10/site-packages/nvidia/cu13/include/cuda_bf16.h:133,
                       from /home/nas_main/kinamkim/.venvs/groot/lib/python3.10/site-packages/torch/include/torch/headeronly/util/BFloat16.h:16,
                       from /home/nas_main/kinamkim/.venvs/groot/lib/python3.10/site-packages/torch/include/c10/util/BFloat16.h:1,
                       from /home/nas_main/kinamkim/.venvs/groot/lib/python3.10/site-packages/torch/include/c10/core/ScalarType.h:3,
                       from /home/nas_main/kinamkim/.venvs/groot/lib/python3.10/site-packages/torch/include/c10/core/TensorImpl.h:11,
                       from /home/nas_main/kinamkim/.venvs/groot/lib/python3.10/site-packages/torch/include/c10/core/GeneratorImpl.h:8,
                       from /home/nas_main/kinamkim/.venvs/groot/lib/python3.10/site-packages/torch/include/ATen/core/Generator.h:18,
                       from /home/nas_main/kinamkim/.venvs/groot/lib/python3.10/site-packages/torch/include/ATen/CPUGeneratorImpl.h:3,
                       from /home/nas_main/kinamkim/.venvs/groot/lib/python3.10/site-packages/torch/include/ATen/Context.h:4,
                       from /home/nas_main/kinamkim/.venvs/groot/lib/python3.10/site-packages/torch/include/ATen/cuda/CUDAGeneratorImpl.h:3,
                       from /tmp/pip-install-jmof9w0m/flash-attn_192fda6cf68d4b03962573f02a91f403/csrc/flash_attn/src/flash.h:12,
                       from /tmp/pip-install-jmof9w0m/flash-attn_192fda6cf68d4b03962573f02a91f403/csrc/flash_attn/src/flash_bwd_launch_template.h:12,
                       from /tmp/pip-install-jmof9w0m/flash-attn_192fda6cf68d4b03962573f02a91f403/csrc/flash_attn/src/flash_bwd_hdim128_bf16_sm80.cu:5:
      /home/nas_main/kinamkim/.venvs/groot/lib/python3.10/site-packages/nvidia/cu13/include/cuda_fp16.h:4492:10: fatal error: nv/target: No such file or directory
       4492 | #include <nv/target>
            |          ^~~~~~~~~~~
      compilation terminated.
      In file included from /home/nas_main/kinamkim/.venvs/groot/lib/python3.10/site-packages/nvidia/cu13/include/cuda_bf16.h:133,
                       from /home/nas_main/kinamkim/.venvs/groot/lib/python3.10/site-packages/torch/include/torch/headeronly/util/BFloat16.h:16,
                       from /home/nas_main/kinamkim/.venvs/groot/lib/python3.10/site-packages/torch/include/c10/util/BFloat16.h:1,
                       from /home/nas_main/kinamkim/.venvs/groot/lib/python3.10/site-packages/torch/include/c10/core/ScalarType.h:3,
                       from /home/nas_main/kinamkim/.venvs/groot/lib/python3.10/site-packages/torch/include/c10/core/TensorImpl.h:11,
                       from /home/nas_main/kinamkim/.venvs/groot/lib/python3.10/site-packages/torch/include/c10/core/GeneratorImpl.h:8,
                       from /home/nas_main/kinamkim/.venvs/groot/lib/python3.10/site-packages/torch/include/ATen/core/Generator.h:18,
                       from /home/nas_main/kinamkim/.venvs/groot/lib/python3.10/site-packages/torch/include/ATen/CPUGeneratorImpl.h:3,
                       from /home/nas_main/kinamkim/.venvs/groot/lib/python3.10/site-packages/torch/include/ATen/Context.h:4,
                       from /home/nas_main/kinamkim/.venvs/groot/lib/python3.10/site-packages/torch/include/ATen/cuda/CUDAGeneratorImpl.h:3,
                       from /tmp/pip-install-jmof9w0m/flash-attn_192fda6cf68d4b03962573f02a91f403/csrc/flash_attn/src/flash.h:12,
                       from /tmp/pip-install-jmof9w0m/flash-attn_192fda6cf68d4b03962573f02a91f403/csrc/flash_attn/src/flash_bwd_launch_template.h:12,
                       from /tmp/pip-install-jmof9w0m/flash-attn_192fda6cf68d4b03962573f02a91f403/csrc/flash_attn/src/flash_bwd_hdim128_bf16_sm80.cu:5:
      /home/nas_main/kinamkim/.venvs/groot/lib/python3.10/site-packages/nvidia/cu13/include/cuda_fp16.h:4492:10: fatal error: nv/target: No such file or directory
       4492 | #include <nv/target>
            |          ^~~~~~~~~~~
      compilation terminated.
      In file included from /home/nas_main/kinamkim/.venvs/groot/lib/python3.10/site-packages/nvidia/cu13/include/cuda_bf16.h:133,
                       from /home/nas_main/kinamkim/.venvs/groot/lib/python3.10/site-packages/torch/include/torch/headeronly/util/BFloat16.h:16,
                       from /home/nas_main/kinamkim/.venvs/groot/lib/python3.10/site-packages/torch/include/c10/util/BFloat16.h:1,
                       from /home/nas_main/kinamkim/.venvs/groot/lib/python3.10/site-packages/torch/include/c10/core/ScalarType.h:3,
                       from /home/nas_main/kinamkim/.venvs/groot/lib/python3.10/site-packages/torch/include/c10/core/TensorImpl.h:11,
                       from /home/nas_main/kinamkim/.venvs/groot/lib/python3.10/site-packages/torch/include/c10/core/GeneratorImpl.h:8,
                       from /home/nas_main/kinamkim/.venvs/groot/lib/python3.10/site-packages/torch/include/ATen/core/Generator.h:18,
                       from /home/nas_main/kinamkim/.venvs/groot/lib/python3.10/site-packages/torch/include/ATen/CPUGeneratorImpl.h:3,
                       from /home/nas_main/kinamkim/.venvs/groot/lib/python3.10/site-packages/torch/include/ATen/Context.h:4,
                       from /home/nas_main/kinamkim/.venvs/groot/lib/python3.10/site-packages/torch/include/ATen/cuda/CUDAGeneratorImpl.h:3,
                       from /tmp/pip-install-jmof9w0m/flash-attn_192fda6cf68d4b03962573f02a91f403/csrc/flash_attn/src/flash.h:12,
                       from /tmp/pip-install-jmof9w0m/flash-attn_192fda6cf68d4b03962573f02a91f403/csrc/flash_attn/src/flash_bwd_launch_template.h:12,
                       from /tmp/pip-install-jmof9w0m/flash-attn_192fda6cf68d4b03962573f02a91f403/csrc/flash_attn/src/flash_bwd_hdim128_bf16_sm80.cu:5:
      /home/nas_main/kinamkim/.venvs/groot/lib/python3.10/site-packages/nvidia/cu13/include/cuda_fp16.h:4492:10: fatal error: nv/target: No such file or directory
       4492 | #include <nv/target>
            |          ^~~~~~~~~~~
      compilation terminated.
      fatal   : Could not open input file /tmp/tmpxft_0030049c_00000000-10_flash_bwd_hdim128_bf16_sm80.compute_80.cpp1.ii
      [11/73] /home/nas_main/kinamkim/.venvs/groot/lib/python3.10/site-packages/nvidia/cu13/bin/nvcc --generate-dependencies-with-compile --dependency-output /tmp/pip-install-jmof9w0m/flash-attn_192fda6cf68d4b03962573f02a91f403/build/temp.linux-x86_64-cpython-310/csrc/flash_attn/src/flash_bwd_hdim192_fp16_causal_sm80.o.d -I/tmp/pip-install-jmof9w0m/flash-attn_192fda6cf68d4b03962573f02a91f403/csrc/flash_attn -I/tmp/pip-install-jmof9w0m/flash-attn_192fda6cf68d4b03962573f02a91f403/csrc/flash_attn/src -I/tmp/pip-install-jmof9w0m/flash-attn_192fda6cf68d4b03962573f02a91f403/csrc/cutlass/include -I/home/nas_main/kinamkim/.venvs/groot/lib/python3.10/site-packages/torch/include -I/home/nas_main/kinamkim/.venvs/groot/lib/python3.10/site-packages/torch/include/torch/csrc/api/include -I/home/nas_main/kinamkim/.venvs/groot/lib/python3.10/site-packages/nvidia/cu13/include -I/home/nas_main/kinamkim/.venvs/groot/include -I/home/nas_main/kinamkim/.local/share/uv/python/cpython-3.10.18-linux-x86_64-gnu/include/python3.10 -c -c /tmp/pip-install-jmof9w0m/flash-attn_192fda6cf68d4b03962573f02a91f403/csrc/flash_attn/src/flash_bwd_hdim192_fp16_causal_sm80.cu -o /tmp/pip-install-jmof9w0m/flash-attn_192fda6cf68d4b03962573f02a91f403/build/temp.linux-x86_64-cpython-310/csrc/flash_attn/src/flash_bwd_hdim192_fp16_causal_sm80.o -D__CUDA_NO_HALF_OPERATORS__ -D__CUDA_NO_HALF_CONVERSIONS__ -D__CUDA_NO_BFLOAT16_CONVERSIONS__ -D__CUDA_NO_HALF2_OPERATORS__ --expt-relaxed-constexpr --compiler-options ''"'"'-fPIC'"'"'' -O3 -std=c++17 -U__CUDA_NO_HALF_OPERATORS__ -U__CUDA_NO_HALF_CONVERSIONS__ -U__CUDA_NO_HALF2_OPERATORS__ -U__CUDA_NO_BFLOAT16_CONVERSIONS__ --expt-relaxed-constexpr --expt-extended-lambda --use_fast_math -gencode arch=compute_80,code=sm_80 -gencode arch=compute_90,code=sm_90 -gencode arch=compute_100,code=sm_100 -gencode arch=compute_120,code=sm_120 --threads 4 -DTORCH_API_INCLUDE_EXTENSION_H -DTORCH_EXTENSION_NAME=flash_attn_2_cuda -ccbin /home/nas_main/kinamkim/miniconda3/bin/gcc
      FAILED: [code=1] /tmp/pip-install-jmof9w0m/flash-attn_192fda6cf68d4b03962573f02a91f403/build/temp.linux-x86_64-cpython-310/csrc/flash_attn/src/flash_bwd_hdim192_fp16_causal_sm80.o
      /home/nas_main/kinamkim/.venvs/groot/lib/python3.10/site-packages/nvidia/cu13/bin/nvcc --generate-dependencies-with-compile --dependency-output /tmp/pip-install-jmof9w0m/flash-attn_192fda6cf68d4b03962573f02a91f403/build/temp.linux-x86_64-cpython-310/csrc/flash_attn/src/flash_bwd_hdim192_fp16_causal_sm80.o.d -I/tmp/pip-install-jmof9w0m/flash-attn_192fda6cf68d4b03962573f02a91f403/csrc/flash_attn -I/tmp/pip-install-jmof9w0m/flash-attn_192fda6cf68d4b03962573f02a91f403/csrc/flash_attn/src -I/tmp/pip-install-jmof9w0m/flash-attn_192fda6cf68d4b03962573f02a91f403/csrc/cutlass/include -I/home/nas_main/kinamkim/.venvs/groot/lib/python3.10/site-packages/torch/include -I/home/nas_main/kinamkim/.venvs/groot/lib/python3.10/site-packages/torch/include/torch/csrc/api/include -I/home/nas_main/kinamkim/.venvs/groot/lib/python3.10/site-packages/nvidia/cu13/include -I/home/nas_main/kinamkim/.venvs/groot/include -I/home/nas_main/kinamkim/.local/share/uv/python/cpython-3.10.18-linux-x86_64-gnu/include/python3.10 -c -c /tmp/pip-install-jmof9w0m/flash-attn_192fda6cf68d4b03962573f02a91f403/csrc/flash_attn/src/flash_bwd_hdim192_fp16_causal_sm80.cu -o /tmp/pip-install-jmof9w0m/flash-attn_192fda6cf68d4b03962573f02a91f403/build/temp.linux-x86_64-cpython-310/csrc/flash_attn/src/flash_bwd_hdim192_fp16_causal_sm80.o -D__CUDA_NO_HALF_OPERATORS__ -D__CUDA_NO_HALF_CONVERSIONS__ -D__CUDA_NO_BFLOAT16_CONVERSIONS__ -D__CUDA_NO_HALF2_OPERATORS__ --expt-relaxed-constexpr --compiler-options ''"'"'-fPIC'"'"'' -O3 -std=c++17 -U__CUDA_NO_HALF_OPERATORS__ -U__CUDA_NO_HALF_CONVERSIONS__ -U__CUDA_NO_HALF2_OPERATORS__ -U__CUDA_NO_BFLOAT16_CONVERSIONS__ --expt-relaxed-constexpr --expt-extended-lambda --use_fast_math -gencode arch=compute_80,code=sm_80 -gencode arch=compute_90,code=sm_90 -gencode arch=compute_100,code=sm_100 -gencode arch=compute_120,code=sm_120 --threads 4 -DTORCH_API_INCLUDE_EXTENSION_H -DTORCH_EXTENSION_NAME=flash_attn_2_cuda -ccbin /home/nas_main/kinamkim/miniconda3/bin/gcc
      In file included from /home/nas_main/kinamkim/.venvs/groot/lib/python3.10/site-packages/nvidia/cu13/include/cuda_bf16.h:133,
                       from /home/nas_main/kinamkim/.venvs/groot/lib/python3.10/site-packages/torch/include/torch/headeronly/util/BFloat16.h:16,
                       from /home/nas_main/kinamkim/.venvs/groot/lib/python3.10/site-packages/torch/include/c10/util/BFloat16.h:1,
                       from /home/nas_main/kinamkim/.venvs/groot/lib/python3.10/site-packages/torch/include/c10/core/ScalarType.h:3,
                       from /home/nas_main/kinamkim/.venvs/groot/lib/python3.10/site-packages/torch/include/c10/core/TensorImpl.h:11,
                       from /home/nas_main/kinamkim/.venvs/groot/lib/python3.10/site-packages/torch/include/c10/core/GeneratorImpl.h:8,
                       from /home/nas_main/kinamkim/.venvs/groot/lib/python3.10/site-packages/torch/include/ATen/core/Generator.h:18,
                       from /home/nas_main/kinamkim/.venvs/groot/lib/python3.10/site-packages/torch/include/ATen/CPUGeneratorImpl.h:3,
                       from /home/nas_main/kinamkim/.venvs/groot/lib/python3.10/site-packages/torch/include/ATen/Context.h:4,
                       from /home/nas_main/kinamkim/.venvs/groot/lib/python3.10/site-packages/torch/include/ATen/cuda/CUDAGeneratorImpl.h:3,
                       from /tmp/pip-install-jmof9w0m/flash-attn_192fda6cf68d4b03962573f02a91f403/csrc/flash_attn/src/flash.h:12,
                       from /tmp/pip-install-jmof9w0m/flash-attn_192fda6cf68d4b03962573f02a91f403/csrc/flash_attn/src/flash_bwd_launch_template.h:12,
                       from /tmp/pip-install-jmof9w0m/flash-attn_192fda6cf68d4b03962573f02a91f403/csrc/flash_attn/src/flash_bwd_hdim192_fp16_causal_sm80.cu:5:
      /home/nas_main/kinamkim/.venvs/groot/lib/python3.10/site-packages/nvidia/cu13/include/cuda_fp16.h:4492:10: fatal error: nv/target: No such file or directory
       4492 | #include <nv/target>
            |          ^~~~~~~~~~~
      compilation terminated.
      In file included from /home/nas_main/kinamkim/.venvs/groot/lib/python3.10/site-packages/nvidia/cu13/include/cuda_bf16.h:133,
                       from /home/nas_main/kinamkim/.venvs/groot/lib/python3.10/site-packages/torch/include/torch/headeronly/util/BFloat16.h:16,
                       from /home/nas_main/kinamkim/.venvs/groot/lib/python3.10/site-packages/torch/include/c10/util/BFloat16.h:1,
                       from /home/nas_main/kinamkim/.venvs/groot/lib/python3.10/site-packages/torch/include/c10/core/ScalarType.h:3,
                       from /home/nas_main/kinamkim/.venvs/groot/lib/python3.10/site-packages/torch/include/c10/core/TensorImpl.h:11,
                       from /home/nas_main/kinamkim/.venvs/groot/lib/python3.10/site-packages/torch/include/c10/core/GeneratorImpl.h:8,
                       from /home/nas_main/kinamkim/.venvs/groot/lib/python3.10/site-packages/torch/include/ATen/core/Generator.h:18,
                       from /home/nas_main/kinamkim/.venvs/groot/lib/python3.10/site-packages/torch/include/ATen/CPUGeneratorImpl.h:3,
                       from /home/nas_main/kinamkim/.venvs/groot/lib/python3.10/site-packages/torch/include/ATen/Context.h:4,
                       from /home/nas_main/kinamkim/.venvs/groot/lib/python3.10/site-packages/torch/include/ATen/cuda/CUDAGeneratorImpl.h:3,
                       from /tmp/pip-install-jmof9w0m/flash-attn_192fda6cf68d4b03962573f02a91f403/csrc/flash_attn/src/flash.h:12,
                       from /tmp/pip-install-jmof9w0m/flash-attn_192fda6cf68d4b03962573f02a91f403/csrc/flash_attn/src/flash_bwd_launch_template.h:12,
                       from /tmp/pip-install-jmof9w0m/flash-attn_192fda6cf68d4b03962573f02a91f403/csrc/flash_attn/src/flash_bwd_hdim192_fp16_causal_sm80.cu:5:
      /home/nas_main/kinamkim/.venvs/groot/lib/python3.10/site-packages/nvidia/cu13/include/cuda_fp16.h:4492:10: fatal error: nv/target: No such file or directory
       4492 | #include <nv/target>
            |          ^~~~~~~~~~~
      compilation terminated.
      In file included from /home/nas_main/kinamkim/.venvs/groot/lib/python3.10/site-packages/nvidia/cu13/include/cuda_bf16.h:133,
                       from /home/nas_main/kinamkim/.venvs/groot/lib/python3.10/site-packages/torch/include/torch/headeronly/util/BFloat16.h:16,
                       from /home/nas_main/kinamkim/.venvs/groot/lib/python3.10/site-packages/torch/include/c10/util/BFloat16.h:1,
                       from /home/nas_main/kinamkim/.venvs/groot/lib/python3.10/site-packages/torch/include/c10/core/ScalarType.h:3,
                       from /home/nas_main/kinamkim/.venvs/groot/lib/python3.10/site-packages/torch/include/c10/core/TensorImpl.h:11,
                       from /home/nas_main/kinamkim/.venvs/groot/lib/python3.10/site-packages/torch/include/c10/core/GeneratorImpl.h:8,
                       from /home/nas_main/kinamkim/.venvs/groot/lib/python3.10/site-packages/torch/include/ATen/core/Generator.h:18,
                       from /home/nas_main/kinamkim/.venvs/groot/lib/python3.10/site-packages/torch/include/ATen/CPUGeneratorImpl.h:3,
                       from /home/nas_main/kinamkim/.venvs/groot/lib/python3.10/site-packages/torch/include/ATen/Context.h:4,
                       from /home/nas_main/kinamkim/.venvs/groot/lib/python3.10/site-packages/torch/include/ATen/cuda/CUDAGeneratorImpl.h:3,
                       from /tmp/pip-install-jmof9w0m/flash-attn_192fda6cf68d4b03962573f02a91f403/csrc/flash_attn/src/flash.h:12,
                       from /tmp/pip-install-jmof9w0m/flash-attn_192fda6cf68d4b03962573f02a91f403/csrc/flash_attn/src/flash_bwd_launch_template.h:12,
                       from /tmp/pip-install-jmof9w0m/flash-attn_192fda6cf68d4b03962573f02a91f403/csrc/flash_attn/src/flash_bwd_hdim192_fp16_causal_sm80.cu:5:
      /home/nas_main/kinamkim/.venvs/groot/lib/python3.10/site-packages/nvidia/cu13/include/cuda_fp16.h:4492:10: fatal error: nv/target: No such file or directory
       4492 | #include <nv/target>
            |          ^~~~~~~~~~~
      compilation terminated.
      In file included from /home/nas_main/kinamkim/.venvs/groot/lib/python3.10/site-packages/nvidia/cu13/include/cuda_bf16.h:133,
                       from /home/nas_main/kinamkim/.venvs/groot/lib/python3.10/site-packages/torch/include/torch/headeronly/util/BFloat16.h:16,
                       from /home/nas_main/kinamkim/.venvs/groot/lib/python3.10/site-packages/torch/include/c10/util/BFloat16.h:1,
                       from /home/nas_main/kinamkim/.venvs/groot/lib/python3.10/site-packages/torch/include/c10/core/ScalarType.h:3,
                       from /home/nas_main/kinamkim/.venvs/groot/lib/python3.10/site-packages/torch/include/c10/core/TensorImpl.h:11,
                       from /home/nas_main/kinamkim/.venvs/groot/lib/python3.10/site-packages/torch/include/c10/core/GeneratorImpl.h:8,
                       from /home/nas_main/kinamkim/.venvs/groot/lib/python3.10/site-packages/torch/include/ATen/core/Generator.h:18,
                       from /home/nas_main/kinamkim/.venvs/groot/lib/python3.10/site-packages/torch/include/ATen/CPUGeneratorImpl.h:3,
                       from /home/nas_main/kinamkim/.venvs/groot/lib/python3.10/site-packages/torch/include/ATen/Context.h:4,
                       from /home/nas_main/kinamkim/.venvs/groot/lib/python3.10/site-packages/torch/include/ATen/cuda/CUDAGeneratorImpl.h:3,
                       from /tmp/pip-install-jmof9w0m/flash-attn_192fda6cf68d4b03962573f02a91f403/csrc/flash_attn/src/flash.h:12,
                       from /tmp/pip-install-jmof9w0m/flash-attn_192fda6cf68d4b03962573f02a91f403/csrc/flash_attn/src/flash_bwd_launch_template.h:12,
                       from /tmp/pip-install-jmof9w0m/flash-attn_192fda6cf68d4b03962573f02a91f403/csrc/flash_attn/src/flash_bwd_hdim192_fp16_causal_sm80.cu:5:
      /home/nas_main/kinamkim/.venvs/groot/lib/python3.10/site-packages/nvidia/cu13/include/cuda_fp16.h:4492:10: fatal error: nv/target: No such file or directory
       4492 | #include <nv/target>
            |          ^~~~~~~~~~~
      compilation terminated.
      fatal   : Could not open input file /tmp/tmpxft_0030049e_00000000-10_flash_bwd_hdim192_fp16_causal_sm80.compute_80.cpp1.ii
      [12/73] /home/nas_main/kinamkim/.venvs/groot/lib/python3.10/site-packages/nvidia/cu13/bin/nvcc --generate-dependencies-with-compile --dependency-output /tmp/pip-install-jmof9w0m/flash-attn_192fda6cf68d4b03962573f02a91f403/build/temp.linux-x86_64-cpython-310/csrc/flash_attn/src/flash_bwd_hdim128_bf16_causal_sm80.o.d -I/tmp/pip-install-jmof9w0m/flash-attn_192fda6cf68d4b03962573f02a91f403/csrc/flash_attn -I/tmp/pip-install-jmof9w0m/flash-attn_192fda6cf68d4b03962573f02a91f403/csrc/flash_attn/src -I/tmp/pip-install-jmof9w0m/flash-attn_192fda6cf68d4b03962573f02a91f403/csrc/cutlass/include -I/home/nas_main/kinamkim/.venvs/groot/lib/python3.10/site-packages/torch/include -I/home/nas_main/kinamkim/.venvs/groot/lib/python3.10/site-packages/torch/include/torch/csrc/api/include -I/home/nas_main/kinamkim/.venvs/groot/lib/python3.10/site-packages/nvidia/cu13/include -I/home/nas_main/kinamkim/.venvs/groot/include -I/home/nas_main/kinamkim/.local/share/uv/python/cpython-3.10.18-linux-x86_64-gnu/include/python3.10 -c -c /tmp/pip-install-jmof9w0m/flash-attn_192fda6cf68d4b03962573f02a91f403/csrc/flash_attn/src/flash_bwd_hdim128_bf16_causal_sm80.cu -o /tmp/pip-install-jmof9w0m/flash-attn_192fda6cf68d4b03962573f02a91f403/build/temp.linux-x86_64-cpython-310/csrc/flash_attn/src/flash_bwd_hdim128_bf16_causal_sm80.o -D__CUDA_NO_HALF_OPERATORS__ -D__CUDA_NO_HALF_CONVERSIONS__ -D__CUDA_NO_BFLOAT16_CONVERSIONS__ -D__CUDA_NO_HALF2_OPERATORS__ --expt-relaxed-constexpr --compiler-options ''"'"'-fPIC'"'"'' -O3 -std=c++17 -U__CUDA_NO_HALF_OPERATORS__ -U__CUDA_NO_HALF_CONVERSIONS__ -U__CUDA_NO_HALF2_OPERATORS__ -U__CUDA_NO_BFLOAT16_CONVERSIONS__ --expt-relaxed-constexpr --expt-extended-lambda --use_fast_math -gencode arch=compute_80,code=sm_80 -gencode arch=compute_90,code=sm_90 -gencode arch=compute_100,code=sm_100 -gencode arch=compute_120,code=sm_120 --threads 4 -DTORCH_API_INCLUDE_EXTENSION_H -DTORCH_EXTENSION_NAME=flash_attn_2_cuda -ccbin /home/nas_main/kinamkim/miniconda3/bin/gcc
      FAILED: [code=1] /tmp/pip-install-jmof9w0m/flash-attn_192fda6cf68d4b03962573f02a91f403/build/temp.linux-x86_64-cpython-310/csrc/flash_attn/src/flash_bwd_hdim128_bf16_causal_sm80.o
      /home/nas_main/kinamkim/.venvs/groot/lib/python3.10/site-packages/nvidia/cu13/bin/nvcc --generate-dependencies-with-compile --dependency-output /tmp/pip-install-jmof9w0m/flash-attn_192fda6cf68d4b03962573f02a91f403/build/temp.linux-x86_64-cpython-310/csrc/flash_attn/src/flash_bwd_hdim128_bf16_causal_sm80.o.d -I/tmp/pip-install-jmof9w0m/flash-attn_192fda6cf68d4b03962573f02a91f403/csrc/flash_attn -I/tmp/pip-install-jmof9w0m/flash-attn_192fda6cf68d4b03962573f02a91f403/csrc/flash_attn/src -I/tmp/pip-install-jmof9w0m/flash-attn_192fda6cf68d4b03962573f02a91f403/csrc/cutlass/include -I/home/nas_main/kinamkim/.venvs/groot/lib/python3.10/site-packages/torch/include -I/home/nas_main/kinamkim/.venvs/groot/lib/python3.10/site-packages/torch/include/torch/csrc/api/include -I/home/nas_main/kinamkim/.venvs/groot/lib/python3.10/site-packages/nvidia/cu13/include -I/home/nas_main/kinamkim/.venvs/groot/include -I/home/nas_main/kinamkim/.local/share/uv/python/cpython-3.10.18-linux-x86_64-gnu/include/python3.10 -c -c /tmp/pip-install-jmof9w0m/flash-attn_192fda6cf68d4b03962573f02a91f403/csrc/flash_attn/src/flash_bwd_hdim128_bf16_causal_sm80.cu -o /tmp/pip-install-jmof9w0m/flash-attn_192fda6cf68d4b03962573f02a91f403/build/temp.linux-x86_64-cpython-310/csrc/flash_attn/src/flash_bwd_hdim128_bf16_causal_sm80.o -D__CUDA_NO_HALF_OPERATORS__ -D__CUDA_NO_HALF_CONVERSIONS__ -D__CUDA_NO_BFLOAT16_CONVERSIONS__ -D__CUDA_NO_HALF2_OPERATORS__ --expt-relaxed-constexpr --compiler-options ''"'"'-fPIC'"'"'' -O3 -std=c++17 -U__CUDA_NO_HALF_OPERATORS__ -U__CUDA_NO_HALF_CONVERSIONS__ -U__CUDA_NO_HALF2_OPERATORS__ -U__CUDA_NO_BFLOAT16_CONVERSIONS__ --expt-relaxed-constexpr --expt-extended-lambda --use_fast_math -gencode arch=compute_80,code=sm_80 -gencode arch=compute_90,code=sm_90 -gencode arch=compute_100,code=sm_100 -gencode arch=compute_120,code=sm_120 --threads 4 -DTORCH_API_INCLUDE_EXTENSION_H -DTORCH_EXTENSION_NAME=flash_attn_2_cuda -ccbin /home/nas_main/kinamkim/miniconda3/bin/gcc
      In file included from /home/nas_main/kinamkim/.venvs/groot/lib/python3.10/site-packages/nvidia/cu13/include/cuda_bf16.h:133,
                       from /home/nas_main/kinamkim/.venvs/groot/lib/python3.10/site-packages/torch/include/torch/headeronly/util/BFloat16.h:16,
                       from /home/nas_main/kinamkim/.venvs/groot/lib/python3.10/site-packages/torch/include/c10/util/BFloat16.h:1,
                       from /home/nas_main/kinamkim/.venvs/groot/lib/python3.10/site-packages/torch/include/c10/core/ScalarType.h:3,
                       from /home/nas_main/kinamkim/.venvs/groot/lib/python3.10/site-packages/torch/include/c10/core/TensorImpl.h:11,
                       from /home/nas_main/kinamkim/.venvs/groot/lib/python3.10/site-packages/torch/include/c10/core/GeneratorImpl.h:8,
                       from /home/nas_main/kinamkim/.venvs/groot/lib/python3.10/site-packages/torch/include/ATen/core/Generator.h:18,
                       from /home/nas_main/kinamkim/.venvs/groot/lib/python3.10/site-packages/torch/include/ATen/CPUGeneratorImpl.h:3,
                       from /home/nas_main/kinamkim/.venvs/groot/lib/python3.10/site-packages/torch/include/ATen/Context.h:4,
                       from /home/nas_main/kinamkim/.venvs/groot/lib/python3.10/site-packages/torch/include/ATen/cuda/CUDAGeneratorImpl.h:3,
                       from /tmp/pip-install-jmof9w0m/flash-attn_192fda6cf68d4b03962573f02a91f403/csrc/flash_attn/src/flash.h:12,
                       from /tmp/pip-install-jmof9w0m/flash-attn_192fda6cf68d4b03962573f02a91f403/csrc/flash_attn/src/flash_bwd_launch_template.h:12,
                       from /tmp/pip-install-jmof9w0m/flash-attn_192fda6cf68d4b03962573f02a91f403/csrc/flash_attn/src/flash_bwd_hdim128_bf16_causal_sm80.cu:5:
      /home/nas_main/kinamkim/.venvs/groot/lib/python3.10/site-packages/nvidia/cu13/include/cuda_fp16.h:4492:10: fatal error: nv/target: No such file or directory
       4492 | #include <nv/target>
            |          ^~~~~~~~~~~
      compilation terminated.
      In file included from /home/nas_main/kinamkim/.venvs/groot/lib/python3.10/site-packages/nvidia/cu13/include/cuda_bf16.h:133,
                       from /home/nas_main/kinamkim/.venvs/groot/lib/python3.10/site-packages/torch/include/torch/headeronly/util/BFloat16.h:16,
                       from /home/nas_main/kinamkim/.venvs/groot/lib/python3.10/site-packages/torch/include/c10/util/BFloat16.h:1,
                       from /home/nas_main/kinamkim/.venvs/groot/lib/python3.10/site-packages/torch/include/c10/core/ScalarType.h:3,
                       from /home/nas_main/kinamkim/.venvs/groot/lib/python3.10/site-packages/torch/include/c10/core/TensorImpl.h:11,
                       from /home/nas_main/kinamkim/.venvs/groot/lib/python3.10/site-packages/torch/include/c10/core/GeneratorImpl.h:8,
                       from /home/nas_main/kinamkim/.venvs/groot/lib/python3.10/site-packages/torch/include/ATen/core/Generator.h:18,
                       from /home/nas_main/kinamkim/.venvs/groot/lib/python3.10/site-packages/torch/include/ATen/CPUGeneratorImpl.h:3,
                       from /home/nas_main/kinamkim/.venvs/groot/lib/python3.10/site-packages/torch/include/ATen/Context.h:4,
                       from /home/nas_main/kinamkim/.venvs/groot/lib/python3.10/site-packages/torch/include/ATen/cuda/CUDAGeneratorImpl.h:3,
                       from /tmp/pip-install-jmof9w0m/flash-attn_192fda6cf68d4b03962573f02a91f403/csrc/flash_attn/src/flash.h:12,
                       from /tmp/pip-install-jmof9w0m/flash-attn_192fda6cf68d4b03962573f02a91f403/csrc/flash_attn/src/flash_bwd_launch_template.h:12,
                       from /tmp/pip-install-jmof9w0m/flash-attn_192fda6cf68d4b03962573f02a91f403/csrc/flash_attn/src/flash_bwd_hdim128_bf16_causal_sm80.cu:5:
      /home/nas_main/kinamkim/.venvs/groot/lib/python3.10/site-packages/nvidia/cu13/include/cuda_fp16.h:4492:10: fatal error: nv/target: No such file or directory
       4492 | #include <nv/target>
            |          ^~~~~~~~~~~
      compilation terminated.
      In file included from /home/nas_main/kinamkim/.venvs/groot/lib/python3.10/site-packages/nvidia/cu13/include/cuda_bf16.h:133,
                       from /home/nas_main/kinamkim/.venvs/groot/lib/python3.10/site-packages/torch/include/torch/headeronly/util/BFloat16.h:16,
                       from /home/nas_main/kinamkim/.venvs/groot/lib/python3.10/site-packages/torch/include/c10/util/BFloat16.h:1,
                       from /home/nas_main/kinamkim/.venvs/groot/lib/python3.10/site-packages/torch/include/c10/core/ScalarType.h:3,
                       from /home/nas_main/kinamkim/.venvs/groot/lib/python3.10/site-packages/torch/include/c10/core/TensorImpl.h:11,
                       from /home/nas_main/kinamkim/.venvs/groot/lib/python3.10/site-packages/torch/include/c10/core/GeneratorImpl.h:8,
                       from /home/nas_main/kinamkim/.venvs/groot/lib/python3.10/site-packages/torch/include/ATen/core/Generator.h:18,
                       from /home/nas_main/kinamkim/.venvs/groot/lib/python3.10/site-packages/torch/include/ATen/CPUGeneratorImpl.h:3,
                       from /home/nas_main/kinamkim/.venvs/groot/lib/python3.10/site-packages/torch/include/ATen/Context.h:4,
                       from /home/nas_main/kinamkim/.venvs/groot/lib/python3.10/site-packages/torch/include/ATen/cuda/CUDAGeneratorImpl.h:3,
                       from /tmp/pip-install-jmof9w0m/flash-attn_192fda6cf68d4b03962573f02a91f403/csrc/flash_attn/src/flash.h:12,
                       from /tmp/pip-install-jmof9w0m/flash-attn_192fda6cf68d4b03962573f02a91f403/csrc/flash_attn/src/flash_bwd_launch_template.h:12,
                       from /tmp/pip-install-jmof9w0m/flash-attn_192fda6cf68d4b03962573f02a91f403/csrc/flash_attn/src/flash_bwd_hdim128_bf16_causal_sm80.cu:5:
      /home/nas_main/kinamkim/.venvs/groot/lib/python3.10/site-packages/nvidia/cu13/include/cuda_fp16.h:4492:10: fatal error: nv/target: No such file or directory
       4492 | #include <nv/target>
            |          ^~~~~~~~~~~
      compilation terminated.
      In file included from /home/nas_main/kinamkim/.venvs/groot/lib/python3.10/site-packages/nvidia/cu13/include/cuda_bf16.h:133,
                       from /home/nas_main/kinamkim/.venvs/groot/lib/python3.10/site-packages/torch/include/torch/headeronly/util/BFloat16.h:16,
                       from /home/nas_main/kinamkim/.venvs/groot/lib/python3.10/site-packages/torch/include/c10/util/BFloat16.h:1,
                       from /home/nas_main/kinamkim/.venvs/groot/lib/python3.10/site-packages/torch/include/c10/core/ScalarType.h:3,
                       from /home/nas_main/kinamkim/.venvs/groot/lib/python3.10/site-packages/torch/include/c10/core/TensorImpl.h:11,
                       from /home/nas_main/kinamkim/.venvs/groot/lib/python3.10/site-packages/torch/include/c10/core/GeneratorImpl.h:8,
                       from /home/nas_main/kinamkim/.venvs/groot/lib/python3.10/site-packages/torch/include/ATen/core/Generator.h:18,
                       from /home/nas_main/kinamkim/.venvs/groot/lib/python3.10/site-packages/torch/include/ATen/CPUGeneratorImpl.h:3,
                       from /home/nas_main/kinamkim/.venvs/groot/lib/python3.10/site-packages/torch/include/ATen/Context.h:4,
                       from /home/nas_main/kinamkim/.venvs/groot/lib/python3.10/site-packages/torch/include/ATen/cuda/CUDAGeneratorImpl.h:3,
                       from /tmp/pip-install-jmof9w0m/flash-attn_192fda6cf68d4b03962573f02a91f403/csrc/flash_attn/src/flash.h:12,
                       from /tmp/pip-install-jmof9w0m/flash-attn_192fda6cf68d4b03962573f02a91f403/csrc/flash_attn/src/flash_bwd_launch_template.h:12,
                       from /tmp/pip-install-jmof9w0m/flash-attn_192fda6cf68d4b03962573f02a91f403/csrc/flash_attn/src/flash_bwd_hdim128_bf16_causal_sm80.cu:5:
      /home/nas_main/kinamkim/.venvs/groot/lib/python3.10/site-packages/nvidia/cu13/include/cuda_fp16.h:4492:10: fatal error: nv/target: No such file or directory
       4492 | #include <nv/target>
            |          ^~~~~~~~~~~
      compilation terminated.
      fatal   : Could not open input file /tmp/tmpxft_00300498_00000000-10_flash_bwd_hdim128_bf16_causal_sm80.compute_80.cpp1.ii
      [13/73] /home/nas_main/kinamkim/.venvs/groot/lib/python3.10/site-packages/nvidia/cu13/bin/nvcc --generate-dependencies-with-compile --dependency-output /tmp/pip-install-jmof9w0m/flash-attn_192fda6cf68d4b03962573f02a91f403/build/temp.linux-x86_64-cpython-310/csrc/flash_attn/src/flash_bwd_hdim256_fp16_sm80.o.d -I/tmp/pip-install-jmof9w0m/flash-attn_192fda6cf68d4b03962573f02a91f403/csrc/flash_attn -I/tmp/pip-install-jmof9w0m/flash-attn_192fda6cf68d4b03962573f02a91f403/csrc/flash_attn/src -I/tmp/pip-install-jmof9w0m/flash-attn_192fda6cf68d4b03962573f02a91f403/csrc/cutlass/include -I/home/nas_main/kinamkim/.venvs/groot/lib/python3.10/site-packages/torch/include -I/home/nas_main/kinamkim/.venvs/groot/lib/python3.10/site-packages/torch/include/torch/csrc/api/include -I/home/nas_main/kinamkim/.venvs/groot/lib/python3.10/site-packages/nvidia/cu13/include -I/home/nas_main/kinamkim/.venvs/groot/include -I/home/nas_main/kinamkim/.local/share/uv/python/cpython-3.10.18-linux-x86_64-gnu/include/python3.10 -c -c /tmp/pip-install-jmof9w0m/flash-attn_192fda6cf68d4b03962573f02a91f403/csrc/flash_attn/src/flash_bwd_hdim256_fp16_sm80.cu -o /tmp/pip-install-jmof9w0m/flash-attn_192fda6cf68d4b03962573f02a91f403/build/temp.linux-x86_64-cpython-310/csrc/flash_attn/src/flash_bwd_hdim256_fp16_sm80.o -D__CUDA_NO_HALF_OPERATORS__ -D__CUDA_NO_HALF_CONVERSIONS__ -D__CUDA_NO_BFLOAT16_CONVERSIONS__ -D__CUDA_NO_HALF2_OPERATORS__ --expt-relaxed-constexpr --compiler-options ''"'"'-fPIC'"'"'' -O3 -std=c++17 -U__CUDA_NO_HALF_OPERATORS__ -U__CUDA_NO_HALF_CONVERSIONS__ -U__CUDA_NO_HALF2_OPERATORS__ -U__CUDA_NO_BFLOAT16_CONVERSIONS__ --expt-relaxed-constexpr --expt-extended-lambda --use_fast_math -gencode arch=compute_80,code=sm_80 -gencode arch=compute_90,code=sm_90 -gencode arch=compute_100,code=sm_100 -gencode arch=compute_120,code=sm_120 --threads 4 -DTORCH_API_INCLUDE_EXTENSION_H -DTORCH_EXTENSION_NAME=flash_attn_2_cuda -ccbin /home/nas_main/kinamkim/miniconda3/bin/gcc
      FAILED: [code=1] /tmp/pip-install-jmof9w0m/flash-attn_192fda6cf68d4b03962573f02a91f403/build/temp.linux-x86_64-cpython-310/csrc/flash_attn/src/flash_bwd_hdim256_fp16_sm80.o
      /home/nas_main/kinamkim/.venvs/groot/lib/python3.10/site-packages/nvidia/cu13/bin/nvcc --generate-dependencies-with-compile --dependency-output /tmp/pip-install-jmof9w0m/flash-attn_192fda6cf68d4b03962573f02a91f403/build/temp.linux-x86_64-cpython-310/csrc/flash_attn/src/flash_bwd_hdim256_fp16_sm80.o.d -I/tmp/pip-install-jmof9w0m/flash-attn_192fda6cf68d4b03962573f02a91f403/csrc/flash_attn -I/tmp/pip-install-jmof9w0m/flash-attn_192fda6cf68d4b03962573f02a91f403/csrc/flash_attn/src -I/tmp/pip-install-jmof9w0m/flash-attn_192fda6cf68d4b03962573f02a91f403/csrc/cutlass/include -I/home/nas_main/kinamkim/.venvs/groot/lib/python3.10/site-packages/torch/include -I/home/nas_main/kinamkim/.venvs/groot/lib/python3.10/site-packages/torch/include/torch/csrc/api/include -I/home/nas_main/kinamkim/.venvs/groot/lib/python3.10/site-packages/nvidia/cu13/include -I/home/nas_main/kinamkim/.venvs/groot/include -I/home/nas_main/kinamkim/.local/share/uv/python/cpython-3.10.18-linux-x86_64-gnu/include/python3.10 -c -c /tmp/pip-install-jmof9w0m/flash-attn_192fda6cf68d4b03962573f02a91f403/csrc/flash_attn/src/flash_bwd_hdim256_fp16_sm80.cu -o /tmp/pip-install-jmof9w0m/flash-attn_192fda6cf68d4b03962573f02a91f403/build/temp.linux-x86_64-cpython-310/csrc/flash_attn/src/flash_bwd_hdim256_fp16_sm80.o -D__CUDA_NO_HALF_OPERATORS__ -D__CUDA_NO_HALF_CONVERSIONS__ -D__CUDA_NO_BFLOAT16_CONVERSIONS__ -D__CUDA_NO_HALF2_OPERATORS__ --expt-relaxed-constexpr --compiler-options ''"'"'-fPIC'"'"'' -O3 -std=c++17 -U__CUDA_NO_HALF_OPERATORS__ -U__CUDA_NO_HALF_CONVERSIONS__ -U__CUDA_NO_HALF2_OPERATORS__ -U__CUDA_NO_BFLOAT16_CONVERSIONS__ --expt-relaxed-constexpr --expt-extended-lambda --use_fast_math -gencode arch=compute_80,code=sm_80 -gencode arch=compute_90,code=sm_90 -gencode arch=compute_100,code=sm_100 -gencode arch=compute_120,code=sm_120 --threads 4 -DTORCH_API_INCLUDE_EXTENSION_H -DTORCH_EXTENSION_NAME=flash_attn_2_cuda -ccbin /home/nas_main/kinamkim/miniconda3/bin/gcc
      In file included from /home/nas_main/kinamkim/.venvs/groot/lib/python3.10/site-packages/nvidia/cu13/include/cuda_bf16.h:133,
                       from /home/nas_main/kinamkim/.venvs/groot/lib/python3.10/site-packages/torch/include/torch/headeronly/util/BFloat16.h:16,
                       from /home/nas_main/kinamkim/.venvs/groot/lib/python3.10/site-packages/torch/include/c10/util/BFloat16.h:1,
                       from /home/nas_main/kinamkim/.venvs/groot/lib/python3.10/site-packages/torch/include/c10/core/ScalarType.h:3,
                       from /home/nas_main/kinamkim/.venvs/groot/lib/python3.10/site-packages/torch/include/c10/core/TensorImpl.h:11,
                       from /home/nas_main/kinamkim/.venvs/groot/lib/python3.10/site-packages/torch/include/c10/core/GeneratorImpl.h:8,
                       from /home/nas_main/kinamkim/.venvs/groot/lib/python3.10/site-packages/torch/include/ATen/core/Generator.h:18,
                       from /home/nas_main/kinamkim/.venvs/groot/lib/python3.10/site-packages/torch/include/ATen/CPUGeneratorImpl.h:3,
                       from /home/nas_main/kinamkim/.venvs/groot/lib/python3.10/site-packages/torch/include/ATen/Context.h:4,
                       from /home/nas_main/kinamkim/.venvs/groot/lib/python3.10/site-packages/torch/include/ATen/cuda/CUDAGeneratorImpl.h:3,
                       from /tmp/pip-install-jmof9w0m/flash-attn_192fda6cf68d4b03962573f02a91f403/csrc/flash_attn/src/flash.h:12,
                       from /tmp/pip-install-jmof9w0m/flash-attn_192fda6cf68d4b03962573f02a91f403/csrc/flash_attn/src/flash_bwd_launch_template.h:12,
                       from /tmp/pip-install-jmof9w0m/flash-attn_192fda6cf68d4b03962573f02a91f403/csrc/flash_attn/src/flash_bwd_hdim256_fp16_sm80.cu:5:
      /home/nas_main/kinamkim/.venvs/groot/lib/python3.10/site-packages/nvidia/cu13/include/cuda_fp16.h:4492:10: fatal error: nv/target: No such file or directory
       4492 | #include <nv/target>
            |          ^~~~~~~~~~~
      compilation terminated.
      In file included from /home/nas_main/kinamkim/.venvs/groot/lib/python3.10/site-packages/nvidia/cu13/include/cuda_bf16.h:133,
                       from /home/nas_main/kinamkim/.venvs/groot/lib/python3.10/site-packages/torch/include/torch/headeronly/util/BFloat16.h:16,
                       from /home/nas_main/kinamkim/.venvs/groot/lib/python3.10/site-packages/torch/include/c10/util/BFloat16.h:1,
                       from /home/nas_main/kinamkim/.venvs/groot/lib/python3.10/site-packages/torch/include/c10/core/ScalarType.h:3,
                       from /home/nas_main/kinamkim/.venvs/groot/lib/python3.10/site-packages/torch/include/c10/core/TensorImpl.h:11,
                       from /home/nas_main/kinamkim/.venvs/groot/lib/python3.10/site-packages/torch/include/c10/core/GeneratorImpl.h:8,
                       from /home/nas_main/kinamkim/.venvs/groot/lib/python3.10/site-packages/torch/include/ATen/core/Generator.h:18,
                       from /home/nas_main/kinamkim/.venvs/groot/lib/python3.10/site-packages/torch/include/ATen/CPUGeneratorImpl.h:3,
                       from /home/nas_main/kinamkim/.venvs/groot/lib/python3.10/site-packages/torch/include/ATen/Context.h:4,
                       from /home/nas_main/kinamkim/.venvs/groot/lib/python3.10/site-packages/torch/include/ATen/cuda/CUDAGeneratorImpl.h:3,
                       from /tmp/pip-install-jmof9w0m/flash-attn_192fda6cf68d4b03962573f02a91f403/csrc/flash_attn/src/flash.h:12,
                       from /tmp/pip-install-jmof9w0m/flash-attn_192fda6cf68d4b03962573f02a91f403/csrc/flash_attn/src/flash_bwd_launch_template.h:12,
                       from /tmp/pip-install-jmof9w0m/flash-attn_192fda6cf68d4b03962573f02a91f403/csrc/flash_attn/src/flash_bwd_hdim256_fp16_sm80.cu:5:
      /home/nas_main/kinamkim/.venvs/groot/lib/python3.10/site-packages/nvidia/cu13/include/cuda_fp16.h:4492:10: fatal error: nv/target: No such file or directory
       4492 | #include <nv/target>
            |          ^~~~~~~~~~~
      compilation terminated.
      In file included from /home/nas_main/kinamkim/.venvs/groot/lib/python3.10/site-packages/nvidia/cu13/include/cuda_bf16.h:133,
                       from /home/nas_main/kinamkim/.venvs/groot/lib/python3.10/site-packages/torch/include/torch/headeronly/util/BFloat16.h:16,
                       from /home/nas_main/kinamkim/.venvs/groot/lib/python3.10/site-packages/torch/include/c10/util/BFloat16.h:1,
                       from /home/nas_main/kinamkim/.venvs/groot/lib/python3.10/site-packages/torch/include/c10/core/ScalarType.h:3,
                       from /home/nas_main/kinamkim/.venvs/groot/lib/python3.10/site-packages/torch/include/c10/core/TensorImpl.h:11,
                       from /home/nas_main/kinamkim/.venvs/groot/lib/python3.10/site-packages/torch/include/c10/core/GeneratorImpl.h:8,
                       from /home/nas_main/kinamkim/.venvs/groot/lib/python3.10/site-packages/torch/include/ATen/core/Generator.h:18,
                       from /home/nas_main/kinamkim/.venvs/groot/lib/python3.10/site-packages/torch/include/ATen/CPUGeneratorImpl.h:3,
                       from /home/nas_main/kinamkim/.venvs/groot/lib/python3.10/site-packages/torch/include/ATen/Context.h:4,
                       from /home/nas_main/kinamkim/.venvs/groot/lib/python3.10/site-packages/torch/include/ATen/cuda/CUDAGeneratorImpl.h:3,
                       from /tmp/pip-install-jmof9w0m/flash-attn_192fda6cf68d4b03962573f02a91f403/csrc/flash_attn/src/flash.h:12,
                       from /tmp/pip-install-jmof9w0m/flash-attn_192fda6cf68d4b03962573f02a91f403/csrc/flash_attn/src/flash_bwd_launch_template.h:12,
                       from /tmp/pip-install-jmof9w0m/flash-attn_192fda6cf68d4b03962573f02a91f403/csrc/flash_attn/src/flash_bwd_hdim256_fp16_sm80.cu:5:
      /home/nas_main/kinamkim/.venvs/groot/lib/python3.10/site-packages/nvidia/cu13/include/cuda_fp16.h:4492:10: fatal error: nv/target: No such file or directory
       4492 | #include <nv/target>
            |          ^~~~~~~~~~~
      compilation terminated.
      In file included from /home/nas_main/kinamkim/.venvs/groot/lib/python3.10/site-packages/nvidia/cu13/include/cuda_bf16.h:133,
                       from /home/nas_main/kinamkim/.venvs/groot/lib/python3.10/site-packages/torch/include/torch/headeronly/util/BFloat16.h:16,
                       from /home/nas_main/kinamkim/.venvs/groot/lib/python3.10/site-packages/torch/include/c10/util/BFloat16.h:1,
                       from /home/nas_main/kinamkim/.venvs/groot/lib/python3.10/site-packages/torch/include/c10/core/ScalarType.h:3,
                       from /home/nas_main/kinamkim/.venvs/groot/lib/python3.10/site-packages/torch/include/c10/core/TensorImpl.h:11,
                       from /home/nas_main/kinamkim/.venvs/groot/lib/python3.10/site-packages/torch/include/c10/core/GeneratorImpl.h:8,
                       from /home/nas_main/kinamkim/.venvs/groot/lib/python3.10/site-packages/torch/include/ATen/core/Generator.h:18,
                       from /home/nas_main/kinamkim/.venvs/groot/lib/python3.10/site-packages/torch/include/ATen/CPUGeneratorImpl.h:3,
                       from /home/nas_main/kinamkim/.venvs/groot/lib/python3.10/site-packages/torch/include/ATen/Context.h:4,
                       from /home/nas_main/kinamkim/.venvs/groot/lib/python3.10/site-packages/torch/include/ATen/cuda/CUDAGeneratorImpl.h:3,
                       from /tmp/pip-install-jmof9w0m/flash-attn_192fda6cf68d4b03962573f02a91f403/csrc/flash_attn/src/flash.h:12,
                       from /tmp/pip-install-jmof9w0m/flash-attn_192fda6cf68d4b03962573f02a91f403/csrc/flash_attn/src/flash_bwd_launch_template.h:12,
                       from /tmp/pip-install-jmof9w0m/flash-attn_192fda6cf68d4b03962573f02a91f403/csrc/flash_attn/src/flash_bwd_hdim256_fp16_sm80.cu:5:
      /home/nas_main/kinamkim/.venvs/groot/lib/python3.10/site-packages/nvidia/cu13/include/cuda_fp16.h:4492:10: fatal error: nv/target: No such file or directory
       4492 | #include <nv/target>
            |          ^~~~~~~~~~~
      compilation terminated.
      fatal   : Could not open input file /tmp/tmpxft_003004a7_00000000-10_flash_bwd_hdim256_fp16_sm80.compute_80.cpp1.ii
      [14/73] /home/nas_main/kinamkim/miniconda3/bin/g++ -MMD -MF /tmp/pip-install-jmof9w0m/flash-attn_192fda6cf68d4b03962573f02a91f403/build/temp.linux-x86_64-cpython-310/csrc/flash_attn/flash_api.o.d -Wno-unused-result -Wsign-compare -Wunreachable-code -DNDEBUG -g -fwrapv -O3 -Wall -fPIC -fPIC -I/tmp/pip-install-jmof9w0m/flash-attn_192fda6cf68d4b03962573f02a91f403/csrc/flash_attn -I/tmp/pip-install-jmof9w0m/flash-attn_192fda6cf68d4b03962573f02a91f403/csrc/flash_attn/src -I/tmp/pip-install-jmof9w0m/flash-attn_192fda6cf68d4b03962573f02a91f403/csrc/cutlass/include -I/home/nas_main/kinamkim/.venvs/groot/lib/python3.10/site-packages/torch/include -I/home/nas_main/kinamkim/.venvs/groot/lib/python3.10/site-packages/torch/include/torch/csrc/api/include -I/home/nas_main/kinamkim/.venvs/groot/lib/python3.10/site-packages/nvidia/cu13/include -I/home/nas_main/kinamkim/.venvs/groot/include -I/home/nas_main/kinamkim/.local/share/uv/python/cpython-3.10.18-linux-x86_64-gnu/include/python3.10 -c -c /tmp/pip-install-jmof9w0m/flash-attn_192fda6cf68d4b03962573f02a91f403/csrc/flash_attn/flash_api.cpp -o /tmp/pip-install-jmof9w0m/flash-attn_192fda6cf68d4b03962573f02a91f403/build/temp.linux-x86_64-cpython-310/csrc/flash_attn/flash_api.o -O3 -std=c++17 -DTORCH_API_INCLUDE_EXTENSION_H -DTORCH_EXTENSION_NAME=flash_attn_2_cuda
      FAILED: [code=1] /tmp/pip-install-jmof9w0m/flash-attn_192fda6cf68d4b03962573f02a91f403/build/temp.linux-x86_64-cpython-310/csrc/flash_attn/flash_api.o
      /home/nas_main/kinamkim/miniconda3/bin/g++ -MMD -MF /tmp/pip-install-jmof9w0m/flash-attn_192fda6cf68d4b03962573f02a91f403/build/temp.linux-x86_64-cpython-310/csrc/flash_attn/flash_api.o.d -Wno-unused-result -Wsign-compare -Wunreachable-code -DNDEBUG -g -fwrapv -O3 -Wall -fPIC -fPIC -I/tmp/pip-install-jmof9w0m/flash-attn_192fda6cf68d4b03962573f02a91f403/csrc/flash_attn -I/tmp/pip-install-jmof9w0m/flash-attn_192fda6cf68d4b03962573f02a91f403/csrc/flash_attn/src -I/tmp/pip-install-jmof9w0m/flash-attn_192fda6cf68d4b03962573f02a91f403/csrc/cutlass/include -I/home/nas_main/kinamkim/.venvs/groot/lib/python3.10/site-packages/torch/include -I/home/nas_main/kinamkim/.venvs/groot/lib/python3.10/site-packages/torch/include/torch/csrc/api/include -I/home/nas_main/kinamkim/.venvs/groot/lib/python3.10/site-packages/nvidia/cu13/include -I/home/nas_main/kinamkim/.venvs/groot/include -I/home/nas_main/kinamkim/.local/share/uv/python/cpython-3.10.18-linux-x86_64-gnu/include/python3.10 -c -c /tmp/pip-install-jmof9w0m/flash-attn_192fda6cf68d4b03962573f02a91f403/csrc/flash_attn/flash_api.cpp -o /tmp/pip-install-jmof9w0m/flash-attn_192fda6cf68d4b03962573f02a91f403/build/temp.linux-x86_64-cpython-310/csrc/flash_attn/flash_api.o -O3 -std=c++17 -DTORCH_API_INCLUDE_EXTENSION_H -DTORCH_EXTENSION_NAME=flash_attn_2_cuda
      In file included from /tmp/pip-install-jmof9w0m/flash-attn_192fda6cf68d4b03962573f02a91f403/csrc/cutlass/include/cutlass/half.h:63,
                       from /tmp/pip-install-jmof9w0m/flash-attn_192fda6cf68d4b03962573f02a91f403/csrc/cutlass/include/cutlass/numeric_types.h:41,
                       from /tmp/pip-install-jmof9w0m/flash-attn_192fda6cf68d4b03962573f02a91f403/csrc/flash_attn/flash_api.cpp:13:
      /home/nas_main/kinamkim/.venvs/groot/lib/python3.10/site-packages/nvidia/cu13/include/cuda_fp16.h:4492:10: fatal error: nv/target: No such file or directory
       4492 | #include <nv/target>
            |          ^~~~~~~~~~~
      compilation terminated.
      ninja: build stopped: subcommand failed.
      Traceback (most recent call last):
        File "<string>", line 486, in run
        File "/home/nas_main/kinamkim/.local/share/uv/python/cpython-3.10-linux-x86_64-gnu/lib/python3.10/urllib/request.py", line 241, in urlretrieve
          with contextlib.closing(urlopen(url, data)) as fp:
        File "/home/nas_main/kinamkim/.local/share/uv/python/cpython-3.10-linux-x86_64-gnu/lib/python3.10/urllib/request.py", line 216, in urlopen
          return opener.open(url, data, timeout)
        File "/home/nas_main/kinamkim/.local/share/uv/python/cpython-3.10-linux-x86_64-gnu/lib/python3.10/urllib/request.py", line 525, in open
          response = meth(req, response)
        File "/home/nas_main/kinamkim/.local/share/uv/python/cpython-3.10-linux-x86_64-gnu/lib/python3.10/urllib/request.py", line 634, in http_response
          response = self.parent.error(
        File "/home/nas_main/kinamkim/.local/share/uv/python/cpython-3.10-linux-x86_64-gnu/lib/python3.10/urllib/request.py", line 563, in error
          return self._call_chain(*args)
        File "/home/nas_main/kinamkim/.local/share/uv/python/cpython-3.10-linux-x86_64-gnu/lib/python3.10/urllib/request.py", line 496, in _call_chain
          result = func(*args)
        File "/home/nas_main/kinamkim/.local/share/uv/python/cpython-3.10-linux-x86_64-gnu/lib/python3.10/urllib/request.py", line 643, in http_error_default
          raise HTTPError(req.full_url, code, msg, hdrs, fp)
      urllib.error.HTTPError: HTTP Error 404: Not Found
      
      During handling of the above exception, another exception occurred:
      
      Traceback (most recent call last):
        File "/home/nas_main/kinamkim/.venvs/groot/lib/python3.10/site-packages/torch/utils/cpp_extension.py", line 2597, in _run_ninja_build
          subprocess.run(
        File "/home/nas_main/kinamkim/.local/share/uv/python/cpython-3.10-linux-x86_64-gnu/lib/python3.10/subprocess.py", line 526, in run
          raise CalledProcessError(retcode, process.args,
      subprocess.CalledProcessError: Command '['ninja', '-v', '-j', '14']' returned non-zero exit status 1.
      
      The above exception was the direct cause of the following exception:
      
      Traceback (most recent call last):
        File "/home/nas_main/kinamkim/.venvs/groot/lib/python3.10/site-packages/pip/_vendor/pyproject_hooks/_in_process/_in_process.py", line 389, in <module>
          main()
        File "/home/nas_main/kinamkim/.venvs/groot/lib/python3.10/site-packages/pip/_vendor/pyproject_hooks/_in_process/_in_process.py", line 373, in main
          json_out["return_val"] = hook(**hook_input["kwargs"])
        File "/home/nas_main/kinamkim/.venvs/groot/lib/python3.10/site-packages/pip/_vendor/pyproject_hooks/_in_process/_in_process.py", line 280, in build_wheel
          return _build_backend().build_wheel(
        File "/home/nas_main/kinamkim/.venvs/groot/lib/python3.10/site-packages/setuptools/build_meta.py", line 441, in build_wheel
          return _build(['bdist_wheel', '--dist-info-dir', str(metadata_directory)])
        File "/home/nas_main/kinamkim/.venvs/groot/lib/python3.10/site-packages/setuptools/build_meta.py", line 429, in _build
          return self._build_with_temp_dir(
        File "/home/nas_main/kinamkim/.venvs/groot/lib/python3.10/site-packages/setuptools/build_meta.py", line 410, in _build_with_temp_dir
          self.run_setup()
        File "/home/nas_main/kinamkim/.venvs/groot/lib/python3.10/site-packages/setuptools/build_meta.py", line 520, in run_setup
          super().run_setup(setup_script=setup_script)
        File "/home/nas_main/kinamkim/.venvs/groot/lib/python3.10/site-packages/setuptools/build_meta.py", line 317, in run_setup
          exec(code, locals())
        File "<string>", line 526, in <module>
        File "/home/nas_main/kinamkim/.venvs/groot/lib/python3.10/site-packages/setuptools/__init__.py", line 117, in setup
          return distutils.core.setup(**attrs)  # type: ignore[return-value]
        File "/home/nas_main/kinamkim/.venvs/groot/lib/python3.10/site-packages/setuptools/_distutils/core.py", line 186, in setup
          return run_commands(dist)
        File "/home/nas_main/kinamkim/.venvs/groot/lib/python3.10/site-packages/setuptools/_distutils/core.py", line 202, in run_commands
          dist.run_commands()
        File "/home/nas_main/kinamkim/.venvs/groot/lib/python3.10/site-packages/setuptools/_distutils/dist.py", line 1000, in run_commands
          self.run_command(cmd)
        File "/home/nas_main/kinamkim/.venvs/groot/lib/python3.10/site-packages/setuptools/dist.py", line 1107, in run_command
          super().run_command(command)
        File "/home/nas_main/kinamkim/.venvs/groot/lib/python3.10/site-packages/setuptools/_distutils/dist.py", line 1019, in run_command
          cmd_obj.run()
        File "<string>", line 503, in run
        File "/home/nas_main/kinamkim/.venvs/groot/lib/python3.10/site-packages/setuptools/command/bdist_wheel.py", line 370, in run
          self.run_command("build")
        File "/home/nas_main/kinamkim/.venvs/groot/lib/python3.10/site-packages/setuptools/_distutils/cmd.py", line 341, in run_command
          self.distribution.run_command(command)
        File "/home/nas_main/kinamkim/.venvs/groot/lib/python3.10/site-packages/setuptools/dist.py", line 1107, in run_command
          super().run_command(command)
        File "/home/nas_main/kinamkim/.venvs/groot/lib/python3.10/site-packages/setuptools/_distutils/dist.py", line 1019, in run_command
          cmd_obj.run()
        File "/home/nas_main/kinamkim/.venvs/groot/lib/python3.10/site-packages/setuptools/_distutils/command/build.py", line 135, in run
          self.run_command(cmd_name)
        File "/home/nas_main/kinamkim/.venvs/groot/lib/python3.10/site-packages/setuptools/_distutils/cmd.py", line 341, in run_command
          self.distribution.run_command(command)
        File "/home/nas_main/kinamkim/.venvs/groot/lib/python3.10/site-packages/setuptools/dist.py", line 1107, in run_command
          super().run_command(command)
        File "/home/nas_main/kinamkim/.venvs/groot/lib/python3.10/site-packages/setuptools/_distutils/dist.py", line 1019, in run_command
          cmd_obj.run()
        File "/home/nas_main/kinamkim/.venvs/groot/lib/python3.10/site-packages/setuptools/command/build_ext.py", line 97, in run
          _build_ext.run(self)
        File "/home/nas_main/kinamkim/.venvs/groot/lib/python3.10/site-packages/setuptools/_distutils/command/build_ext.py", line 367, in run
          self.build_extensions()
        File "/home/nas_main/kinamkim/.venvs/groot/lib/python3.10/site-packages/torch/utils/cpp_extension.py", line 1082, in build_extensions
          build_ext.build_extensions(self)
        File "/home/nas_main/kinamkim/.venvs/groot/lib/python3.10/site-packages/setuptools/_distutils/command/build_ext.py", line 483, in build_extensions
          self._build_extensions_serial()
        File "/home/nas_main/kinamkim/.venvs/groot/lib/python3.10/site-packages/setuptools/_distutils/command/build_ext.py", line 509, in _build_extensions_serial
          self.build_extension(ext)
        File "/home/nas_main/kinamkim/.venvs/groot/lib/python3.10/site-packages/setuptools/command/build_ext.py", line 262, in build_extension
          _build_ext.build_extension(self, ext)
        File "/home/nas_main/kinamkim/.venvs/groot/lib/python3.10/site-packages/setuptools/_distutils/command/build_ext.py", line 564, in build_extension
          objects = self.compiler.compile(
        File "/home/nas_main/kinamkim/.venvs/groot/lib/python3.10/site-packages/torch/utils/cpp_extension.py", line 866, in unix_wrap_ninja_compile
          _write_ninja_file_and_compile_objects(
        File "/home/nas_main/kinamkim/.venvs/groot/lib/python3.10/site-packages/torch/utils/cpp_extension.py", line 2223, in _write_ninja_file_and_compile_objects
          _run_ninja_build(
        File "/home/nas_main/kinamkim/.venvs/groot/lib/python3.10/site-packages/torch/utils/cpp_extension.py", line 2614, in _run_ninja_build
          raise RuntimeError(message) from e
      RuntimeError: Error compiling objects for extension
      [end of output]
  
  note: This error originates from a subprocess, and is likely not a problem with pip.
  ERROR: Failed building wheel for flash-attn
Failed to build flash-attn
error: failed-wheel-build-for-install

× Failed to build installable wheels for some pyproject.toml based projects
╰─> flash-attn
